run_id,task_id,task_type,model_key,model_id,prompt_key,claude_structure,claude_hallucination,claude_completeness,claude_token_efficiency,claude_parse_error,gpt4o_structure,gpt4o_hallucination,gpt4o_completeness,gpt4o_token_efficiency,gpt4o_parse_error,agreement_structure_diff,agreement_hallucination_diff,agreement_completeness_diff,agreement_mean_diff,agreement_exact_match,output_tokens,total_tokens,latency_s,api,temperature,experiment
1,T08,math_proof_verification,claude,claude-sonnet-4-20250514,wlm_sl,3,4,4,0.5469,False,5,5,5,0.7458,False,2.0,1.0,1.0,1.333,False,815,2277,17.195,anthropic,0.7,exp2
1,T09,math_proof_verification,claude,claude-sonnet-4-20250514,wlm_sl,4,4,5,0.6658,False,4,5,5,0.717,False,0.0,1.0,0.0,0.333,False,670,2033,15.095,anthropic,0.7,exp2
1,T10,math_proof_verification,claude,claude-sonnet-4-20250514,wlm_sl,4,5,5,0.6953,False,4,5,5,0.6953,False,0.0,0.0,0.0,0.0,True,821,2128,16.729,anthropic,0.7,exp2
1,T08,math_proof_verification,claude,claude-sonnet-4-20250514,wlm_sl,4,3,4,0.5489,False,4,5,5,0.6986,False,0.0,2.0,1.0,1.0,False,795,2257,15.395,anthropic,0.7,exp2
1,T09,math_proof_verification,claude,claude-sonnet-4-20250514,wlm_sl,5,5,5,0.7616,False,5,5,5,0.7616,False,0.0,0.0,0.0,0.0,True,709,2072,16.057,anthropic,0.7,exp2
1,T10,math_proof_verification,claude,claude-sonnet-4-20250514,wlm_sl,4,5,5,0.6993,False,5,5,5,0.7493,False,1.0,0.0,0.0,0.333,False,790,2097,18.655,anthropic,0.7,exp2
1,T11,math_proof_verification,claude,claude-sonnet-4-20250514,wlm_sl,4,5,5,0.7105,False,4,5,4,0.6598,False,0.0,0.0,1.0,0.333,False,711,2118,14.813,anthropic,0.7,exp2
1,T12,logical_validity,claude,claude-sonnet-4-20250514,wlm_sl,5,5,5,0.7581,False,5,5,5,0.7581,False,0.0,0.0,0.0,0.0,True,731,2069,14.405,anthropic,0.7,exp2
1,T13,logical_validity,claude,claude-sonnet-4-20250514,wlm_sl,5,4,5,0.6869,False,5,5,5,0.736,False,0.0,1.0,0.0,0.333,False,891,2223,16.872,anthropic,0.7,exp2
1,T14,logical_validity,claude,claude-sonnet-4-20250514,wlm_sl,4,5,5,0.7086,False,5,5,5,0.7592,False,1.0,0.0,0.0,0.333,False,724,2062,15.958,anthropic,0.7,exp2
1,T15,statistical_reasoning,claude,claude-sonnet-4-20250514,wlm_sl,4,5,5,0.6774,False,5,5,5,0.7257,False,1.0,0.0,0.0,0.333,False,981,2336,19.922,anthropic,0.7,exp2
1,T16,statistical_reasoning,claude,claude-sonnet-4-20250514,wlm_sl,4,5,5,0.6905,False,4,5,5,0.6905,False,0.0,0.0,0.0,0.0,True,860,2266,19.727,anthropic,0.7,exp2
1,T17,statistical_reasoning,claude,claude-sonnet-4-20250514,wlm_sl,5,5,5,0.7411,False,5,5,5,0.7411,False,0.0,0.0,0.0,0.0,True,850,2192,17.286,anthropic,0.7,exp2
1,T18,code_debugging,claude,claude-sonnet-4-20250514,wlm_sl,4,4,5,0.6237,False,5,5,5,0.7196,False,1.0,1.0,0.0,0.667,False,1040,2348,17.961,anthropic,0.7,exp2
1,T19,code_debugging,claude,claude-sonnet-4-20250514,wlm_sl,5,5,5,0.7138,False,4,5,5,0.6662,False,1.0,0.0,0.0,0.333,False,1101,2423,19.355,anthropic,0.7,exp2
1,T20,code_debugging,claude,claude-sonnet-4-20250514,wlm_sl,4,5,4,0.6546,False,4,5,4,0.6546,False,0.0,0.0,0.0,0.0,True,749,2081,15.726,anthropic,0.7,exp2
1,T21,factual_calibration,claude,claude-sonnet-4-20250514,wlm_sl,4,5,2,0.5436,False,5,5,3,0.6424,False,1.0,0.0,1.0,0.667,False,849,2180,20.08,anthropic,0.7,exp2
1,T22,factual_calibration,claude,claude-sonnet-4-20250514,wlm_sl,4,5,5,0.6836,False,5,4,4,0.6348,False,1.0,1.0,1.0,1.0,False,921,2270,15.839,anthropic,0.7,exp2
1,T23,factual_calibration,claude,claude-sonnet-4-20250514,wlm_sl,4,5,4,0.6519,False,5,5,4,0.702,False,1.0,0.0,0.0,0.333,False,770,2054,17.817,anthropic,0.7,exp2
1,T24,causal_inference,claude,claude-sonnet-4-20250514,wlm_sl,4,5,5,0.6849,False,5,5,5,0.7338,False,1.0,0.0,0.0,0.333,False,909,2203,19.155,anthropic,0.7,exp2
1,T25,causal_inference,claude,claude-sonnet-4-20250514,wlm_sl,4,5,4,0.6428,False,5,5,4,0.6922,False,1.0,0.0,0.0,0.333,False,846,2155,16.273,anthropic,0.7,exp2
1,T26,causal_inference,claude,claude-sonnet-4-20250514,wlm_sl,4,5,5,0.7155,False,4,5,5,0.7155,False,0.0,0.0,0.0,0.0,True,679,1952,16.583,anthropic,0.7,exp2
1,T27,mathematical_reasoning,claude,claude-sonnet-4-20250514,wlm_sl,4,5,5,0.6695,False,5,5,4,0.6695,False,1.0,0.0,1.0,0.667,False,1064,2352,17.567,anthropic,0.7,exp2
1,T28,mathematical_reasoning,claude,claude-sonnet-4-20250514,wlm_sl,4,3,4,0.536,False,4,5,5,0.6822,False,0.0,2.0,1.0,1.0,False,934,2254,17.7,anthropic,0.7,exp2
1,T29,mathematical_reasoning,claude,claude-sonnet-4-20250514,wlm_sl,4,1,5,0.4936,False,4,4,5,0.6416,False,0.0,3.0,0.0,1.0,False,856,2141,15.922,anthropic,0.7,exp2
1,T30,scientific_reasoning,claude,claude-sonnet-4-20250514,wlm_sl,4,4,5,0.6609,False,4,5,4,0.6609,False,0.0,1.0,1.0,0.667,False,703,1967,15.756,anthropic,0.7,exp2
1,T31,scientific_reasoning,claude,claude-sonnet-4-20250514,wlm_sl,4,5,5,0.7158,False,5,5,5,0.767,False,1.0,0.0,0.0,0.333,False,677,1975,17.077,anthropic,0.7,exp2
1,T32,scientific_reasoning,claude,claude-sonnet-4-20250514,wlm_sl,4,5,5,0.6981,False,5,5,5,0.748,False,1.0,0.0,0.0,0.333,False,799,2095,18.362,anthropic,0.7,exp2
1,T33,epistemic_calibration,claude,claude-sonnet-4-20250514,wlm_sl,4,5,5,0.6954,False,5,5,5,0.7451,False,1.0,0.0,0.0,0.333,False,820,2144,17.619,anthropic,0.7,exp2
1,T34,epistemic_calibration,claude,claude-sonnet-4-20250514,wlm_sl,4,5,5,0.6957,False,4,5,3,0.5963,False,0.0,0.0,2.0,0.667,False,818,2106,19.68,anthropic,0.7,exp2
1,T35,epistemic_calibration,claude,claude-sonnet-4-20250514,wlm_sl,4,5,5,0.6734,False,5,5,4,0.6734,False,1.0,0.0,1.0,0.667,False,1022,2287,25.908,anthropic,0.7,exp2
1,T36,structured_analysis,claude,claude-sonnet-4-20250514,wlm_sl,4,4,5,0.6325,False,5,5,5,0.7298,False,1.0,1.0,0.0,0.667,False,944,2225,20.678,anthropic,0.7,exp2
1,T37,structured_analysis,claude,claude-sonnet-4-20250514,wlm_sl,4,5,5,0.6796,False,4,5,5,0.6796,False,0.0,0.0,0.0,0.0,True,959,2273,23.69,anthropic,0.7,exp2
1,T08,math_proof_verification,claude,claude-sonnet-4-20250514,wlm_json,4,4,5,0.5972,False,4,5,4,0.5972,False,0.0,1.0,1.0,0.667,False,1415,3115,22.176,anthropic,0.7,exp2
1,T09,math_proof_verification,claude,claude-sonnet-4-20250514,wlm_json,5,4,5,0.6797,False,5,5,5,0.7282,False,0.0,1.0,0.0,0.333,False,958,2559,19.223,anthropic,0.7,exp2
1,T10,math_proof_verification,claude,claude-sonnet-4-20250514,wlm_json,4,5,5,0.6626,False,5,5,5,0.7099,False,1.0,0.0,0.0,0.333,False,1144,2689,21.942,anthropic,0.7,exp2
1,T11,math_proof_verification,claude,claude-sonnet-4-20250514,wlm_json,4,5,5,0.6738,False,4,5,4,0.6257,False,0.0,0.0,1.0,0.333,False,1017,2662,19.418,anthropic,0.7,exp2
1,T12,logical_validity,claude,claude-sonnet-4-20250514,wlm_json,5,5,5,0.7037,False,5,4,5,0.6568,False,0.0,1.0,0.0,0.333,False,1217,2793,20.822,anthropic,0.7,exp2
1,T13,logical_validity,claude,claude-sonnet-4-20250514,wlm_json,4,4,5,0.6053,False,4,5,5,0.6519,False,0.0,1.0,0.0,0.333,False,1284,2854,23.359,anthropic,0.7,exp2
1,T14,logical_validity,claude,claude-sonnet-4-20250514,wlm_json,4,5,5,0.6472,False,4,5,5,0.6472,False,0.0,0.0,0.0,0.0,True,1353,2929,25.999,anthropic,0.7,exp2
1,T15,statistical_reasoning,claude,claude-sonnet-4-20250514,wlm_json,4,5,4,0.6042,False,4,5,5,0.6506,False,0.0,0.0,1.0,0.333,False,1302,2895,24.705,anthropic,0.7,exp2
1,T16,statistical_reasoning,claude,claude-sonnet-4-20250514,wlm_json,4,5,5,0.6523,False,5,5,5,0.6989,False,1.0,0.0,0.0,0.333,False,1278,2922,24.239,anthropic,0.7,exp2
1,T17,statistical_reasoning,claude,claude-sonnet-4-20250514,wlm_json,5,5,5,0.7018,False,4,5,5,0.655,False,1.0,0.0,0.0,0.333,False,1241,2821,23.426,anthropic,0.7,exp2
1,T18,code_debugging,claude,claude-sonnet-4-20250514,wlm_json,5,5,5,0.7013,False,5,5,5,0.7013,False,0.0,0.0,0.0,0.0,True,1248,2794,19.346,anthropic,0.7,exp2
1,T19,code_debugging,claude,claude-sonnet-4-20250514,wlm_json,5,5,5,0.6645,False,5,5,5,0.6645,False,0.0,0.0,0.0,0.0,True,1852,3412,30.736,anthropic,0.7,exp2
1,T20,code_debugging,claude,claude-sonnet-4-20250514,wlm_json,4,5,5,0.6601,False,5,5,5,0.7072,False,1.0,0.0,0.0,0.333,False,1175,2745,21.312,anthropic,0.7,exp2
1,T21,factual_calibration,claude,claude-sonnet-4-20250514,wlm_json,0,0,0,0.0,True,5,5,3,0.6042,False,5.0,5.0,3.0,4.333,False,1302,2871,26.994,anthropic,0.7,exp2
1,T22,factual_calibration,claude,claude-sonnet-4-20250514,wlm_json,4,5,5,0.6369,False,5,5,5,0.6824,False,1.0,0.0,0.0,0.333,False,1520,3107,27.236,anthropic,0.7,exp2
1,T23,factual_calibration,claude,claude-sonnet-4-20250514,wlm_json,4,5,5,0.6444,False,5,5,5,0.6905,False,1.0,0.0,0.0,0.333,False,1395,2917,29.418,anthropic,0.7,exp2
1,T24,causal_inference,claude,claude-sonnet-4-20250514,wlm_json,4,5,4,0.6166,False,4,5,5,0.664,False,0.0,0.0,1.0,0.333,False,1127,2659,24.513,anthropic,0.7,exp2
1,T25,causal_inference,claude,claude-sonnet-4-20250514,wlm_json,4,4,4,0.58,False,4,5,5,0.6767,False,0.0,1.0,1.0,0.667,False,988,2535,19.16,anthropic,0.7,exp2
1,T26,causal_inference,claude,claude-sonnet-4-20250514,wlm_json,4,5,5,0.6643,False,5,5,5,0.7118,False,1.0,0.0,0.0,0.333,False,1123,2634,25.34,anthropic,0.7,exp2
1,T27,mathematical_reasoning,claude,claude-sonnet-4-20250514,wlm_json,4,4,5,0.5882,False,5,5,5,0.6786,False,1.0,1.0,0.0,0.667,False,1583,3109,26.493,anthropic,0.7,exp2
1,T28,mathematical_reasoning,claude,claude-sonnet-4-20250514,wlm_json,4,5,5,0.6429,False,5,5,5,0.6888,False,1.0,0.0,0.0,0.333,False,1420,2978,23.27,anthropic,0.7,exp2
1,T29,mathematical_reasoning,claude,claude-sonnet-4-20250514,wlm_json,4,3,5,0.5598,False,4,4,5,0.6065,False,0.0,1.0,0.0,0.333,False,1267,2790,22.049,anthropic,0.7,exp2
1,T30,scientific_reasoning,claude,claude-sonnet-4-20250514,wlm_json,4,4,5,0.6195,False,5,5,5,0.7148,False,1.0,1.0,0.0,0.667,False,1090,2592,23.307,anthropic,0.7,exp2
1,T31,scientific_reasoning,claude,claude-sonnet-4-20250514,wlm_json,4,4,3,0.5118,False,5,5,5,0.6979,False,1.0,1.0,2.0,1.333,False,1291,2827,28.307,anthropic,0.7,exp2
1,T32,scientific_reasoning,claude,claude-sonnet-4-20250514,wlm_json,4,5,5,0.6674,False,5,5,5,0.7151,False,1.0,0.0,0.0,0.333,False,1087,2621,23.713,anthropic,0.7,exp2
1,T33,epistemic_calibration,claude,claude-sonnet-4-20250514,wlm_json,4,5,5,0.6429,False,5,5,5,0.6889,False,1.0,0.0,0.0,0.333,False,1419,2981,29.399,anthropic,0.7,exp2
1,T34,epistemic_calibration,claude,claude-sonnet-4-20250514,wlm_json,4,5,5,0.6656,False,4,5,5,0.6656,False,0.0,0.0,0.0,0.0,True,1108,2634,24.12,anthropic,0.7,exp2
1,T35,epistemic_calibration,claude,claude-sonnet-4-20250514,wlm_json,4,5,5,0.6439,False,5,5,5,0.6899,False,1.0,0.0,0.0,0.333,False,1404,2907,28.878,anthropic,0.7,exp2
1,T36,structured_analysis,claude,claude-sonnet-4-20250514,wlm_json,4,5,5,0.6463,False,5,5,5,0.6924,False,1.0,0.0,0.0,0.333,False,1367,2886,30.817,anthropic,0.7,exp2
1,T37,structured_analysis,claude,claude-sonnet-4-20250514,wlm_json,4,5,5,0.6378,False,5,5,4,0.6378,False,1.0,0.0,1.0,0.667,False,1504,3056,33.352,anthropic,0.7,exp2
1,T08,math_proof_verification,claude,claude-sonnet-4-20250514,base_a,4,4,5,0.6319,False,4,4,5,0.6319,False,0.0,0.0,0.0,0.0,True,950,1330,15.027,anthropic,0.7,exp2
1,T09,math_proof_verification,claude,claude-sonnet-4-20250514,base_a,4,5,5,0.7039,False,5,4,5,0.7039,False,1.0,1.0,0.0,0.667,False,756,1037,16.327,anthropic,0.7,exp2
1,T08,math_proof_verification,claude,claude-sonnet-4-20250514,wlm_hybrid_v2,4,5,5,0.7001,False,4,5,5,0.7001,False,0.0,0.0,0.0,0.0,True,784,2956,20.243,anthropic,0.7,exp2
1,T09,math_proof_verification,claude,claude-sonnet-4-20250514,wlm_hybrid_v2,5,5,5,0.7402,False,5,5,5,0.7402,False,0.0,0.0,0.0,0.0,True,857,2930,19.98,anthropic,0.7,exp2
1,T10,math_proof_verification,claude,claude-sonnet-4-20250514,wlm_hybrid_v2,4,5,5,0.7114,False,5,5,5,0.7622,False,1.0,0.0,0.0,0.333,False,705,2722,22.019,anthropic,0.7,exp2
1,T11,math_proof_verification,claude,claude-sonnet-4-20250514,wlm_hybrid_v2,5,5,5,0.7564,False,4,5,5,0.7059,False,1.0,0.0,0.0,0.333,False,742,2859,18.993,anthropic,0.7,exp2
1,T12,logical_validity,claude,claude-sonnet-4-20250514,wlm_hybrid_v2,4,5,5,0.6801,False,5,5,5,0.7287,False,1.0,0.0,0.0,0.333,False,954,3002,21.056,anthropic,0.7,exp2
1,T13,logical_validity,claude,claude-sonnet-4-20250514,wlm_hybrid_v2,4,5,5,0.6976,False,5,5,5,0.7474,False,1.0,0.0,0.0,0.333,False,803,2845,19.255,anthropic,0.7,exp2
1,T14,logical_validity,claude,claude-sonnet-4-20250514,wlm_hybrid_v2,5,5,5,0.7521,False,5,5,5,0.7521,False,0.0,0.0,0.0,0.0,True,770,2818,18.456,anthropic,0.7,exp2
1,T15,statistical_reasoning,claude,claude-sonnet-4-20250514,wlm_hybrid_v2,5,5,5,0.7297,False,4,5,5,0.681,False,1.0,0.0,0.0,0.333,False,945,3010,23.711,anthropic,0.7,exp2
1,T16,statistical_reasoning,claude,claude-sonnet-4-20250514,wlm_hybrid_v2,4,5,5,0.6823,False,5,5,5,0.7311,False,1.0,0.0,0.0,0.333,False,933,3049,23.656,anthropic,0.7,exp2
1,T17,statistical_reasoning,claude,claude-sonnet-4-20250514,wlm_hybrid_v2,4,5,5,0.6655,False,5,5,4,0.6655,False,1.0,0.0,1.0,0.667,False,1109,3161,26.449,anthropic,0.7,exp2
1,T18,code_debugging,claude,claude-sonnet-4-20250514,wlm_hybrid_v2,4,5,4,0.6477,False,5,5,4,0.6975,False,1.0,0.0,0.0,0.333,False,804,2822,19.167,anthropic,0.7,exp2
1,T19,code_debugging,claude,claude-sonnet-4-20250514,wlm_hybrid_v2,4,5,5,0.6904,False,4,5,5,0.6904,False,0.0,0.0,0.0,0.0,True,861,2893,21.476,anthropic,0.7,exp2
1,T20,code_debugging,claude,claude-sonnet-4-20250514,wlm_hybrid_v2,4,4,5,0.6534,False,5,5,4,0.7037,False,1.0,1.0,1.0,1.0,False,758,2800,19.24,anthropic,0.7,exp2
1,T21,factual_calibration,claude,claude-sonnet-4-20250514,wlm_hybrid_v2,4,5,3,0.5897,False,3,4,4,0.5405,False,1.0,1.0,1.0,1.0,False,882,2923,25.17,anthropic,0.7,exp2
1,T22,factual_calibration,claude,claude-sonnet-4-20250514,wlm_hybrid_v2,4,5,5,0.6926,False,4,5,5,0.6926,False,0.0,0.0,0.0,0.0,True,843,2902,20.356,anthropic,0.7,exp2
1,T23,factual_calibration,claude,claude-sonnet-4-20250514,wlm_hybrid_v2,4,5,4,0.6519,False,4,5,4,0.6519,False,0.0,0.0,0.0,0.0,True,770,2764,19.177,anthropic,0.7,exp2
1,T24,causal_inference,claude,claude-sonnet-4-20250514,wlm_hybrid_v2,4,5,5,0.6739,False,4,5,5,0.6739,False,0.0,0.0,0.0,0.0,True,1016,3020,22.146,anthropic,0.7,exp2
1,T25,causal_inference,claude,claude-sonnet-4-20250514,wlm_hybrid_v2,4,5,4,0.6334,False,4,5,4,0.6334,False,0.0,0.0,0.0,0.0,True,935,2954,23.077,anthropic,0.7,exp2
1,T26,causal_inference,claude,claude-sonnet-4-20250514,wlm_hybrid_v2,5,5,5,0.7461,False,4,4,5,0.6466,False,1.0,1.0,0.0,0.667,False,813,2796,22.676,anthropic,0.7,exp2
1,T27,mathematical_reasoning,claude,claude-sonnet-4-20250514,wlm_hybrid_v2,5,5,5,0.7298,False,4,5,4,0.6325,False,1.0,0.0,1.0,0.667,False,944,2942,24.957,anthropic,0.7,exp2
1,T28,mathematical_reasoning,claude,claude-sonnet-4-20250514,wlm_hybrid_v2,4,5,5,0.676,False,5,5,5,0.7242,False,1.0,0.0,0.0,0.333,False,995,3025,22.308,anthropic,0.7,exp2
1,T29,mathematical_reasoning,claude,claude-sonnet-4-20250514,wlm_hybrid_v2,4,5,5,0.6728,False,4,5,5,0.6728,False,0.0,0.0,0.0,0.0,True,1028,3023,23.29,anthropic,0.7,exp2
1,T30,scientific_reasoning,claude,claude-sonnet-4-20250514,wlm_hybrid_v2,3,4,3,0.4967,False,4,4,4,0.5961,False,1.0,0.0,1.0,0.667,False,820,2794,19.571,anthropic,0.7,exp2
1,T31,scientific_reasoning,claude,claude-sonnet-4-20250514,wlm_hybrid_v2,4,5,5,0.6966,False,4,4,5,0.6468,False,0.0,1.0,0.0,0.333,False,811,2819,20.73,anthropic,0.7,exp2
1,T32,scientific_reasoning,claude,claude-sonnet-4-20250514,wlm_hybrid_v2,5,5,5,0.7431,False,4,5,5,0.6936,False,1.0,0.0,0.0,0.333,False,835,2841,21.632,anthropic,0.7,exp2
1,T33,epistemic_calibration,claude,claude-sonnet-4-20250514,wlm_hybrid_v2,4,5,5,0.6836,False,5,5,5,0.7324,False,1.0,0.0,0.0,0.333,False,921,2955,23.026,anthropic,0.7,exp2
1,T34,epistemic_calibration,claude,claude-sonnet-4-20250514,wlm_hybrid_v2,5,4,5,0.6905,False,5,5,5,0.7399,False,0.0,1.0,0.0,0.333,False,860,2858,22.773,anthropic,0.7,exp2
1,T35,epistemic_calibration,claude,claude-sonnet-4-20250514,wlm_hybrid_v2,4,5,4,0.6403,False,4,5,4,0.6403,False,0.0,0.0,0.0,0.0,True,868,2843,23.494,anthropic,0.7,exp2
1,T36,structured_analysis,claude,claude-sonnet-4-20250514,wlm_hybrid_v2,3,4,3,0.4961,False,4,4,3,0.5457,False,1.0,0.0,0.0,0.333,False,827,2818,22.522,anthropic,0.7,exp2
1,T37,structured_analysis,claude,claude-sonnet-4-20250514,wlm_hybrid_v2,4,5,5,0.7052,False,5,5,5,0.7556,False,1.0,0.0,0.0,0.333,False,747,2771,19.132,anthropic,0.7,exp2
1,T10,math_proof_verification,claude,claude-sonnet-4-20250514,base_a,4,5,5,0.6902,False,5,5,5,0.7395,False,1.0,0.0,0.0,0.333,False,863,1088,19.526,anthropic,0.7,exp2
1,T11,math_proof_verification,claude,claude-sonnet-4-20250514,base_a,4,3,4,0.5809,False,4,5,5,0.7394,False,0.0,2.0,1.0,1.0,False,550,875,12.102,anthropic,0.7,exp2
1,T12,logical_validity,claude,claude-sonnet-4-20250514,base_a,4,5,4,0.6866,False,5,5,4,0.7394,False,1.0,0.0,0.0,0.333,False,550,806,10.69,anthropic,0.7,exp2
1,T13,logical_validity,claude,claude-sonnet-4-20250514,base_a,4,5,5,0.6954,False,4,4,5,0.6458,False,0.0,1.0,0.0,0.333,False,820,1070,17.271,anthropic,0.7,exp2
1,T14,logical_validity,claude,claude-sonnet-4-20250514,base_a,4,4,5,0.6635,False,5,5,5,0.7656,False,1.0,1.0,0.0,0.667,False,685,941,14.503,anthropic,0.7,exp2
1,T15,statistical_reasoning,claude,claude-sonnet-4-20250514,base_a,4,5,5,0.6992,False,5,5,5,0.7491,False,1.0,0.0,0.0,0.333,False,791,1064,18.958,anthropic,0.7,exp2
1,T16,statistical_reasoning,claude,claude-sonnet-4-20250514,base_a,4,4,4,0.5742,False,4,5,4,0.6221,False,0.0,1.0,0.0,0.333,False,1059,1383,23.427,anthropic,0.7,exp2
1,T17,statistical_reasoning,claude,claude-sonnet-4-20250514,base_a,4,3,5,0.5937,False,4,5,5,0.6927,False,0.0,2.0,0.0,0.667,False,842,1102,19.006,anthropic,0.7,exp2
1,T18,code_debugging,claude,claude-sonnet-4-20250514,base_a,4,4,5,0.6028,False,4,5,5,0.6492,False,0.0,1.0,0.0,0.333,False,1323,1549,19.544,anthropic,0.7,exp2
1,T19,code_debugging,claude,claude-sonnet-4-20250514,base_a,4,4,5,0.6101,False,4,5,5,0.657,False,0.0,1.0,0.0,0.333,False,1214,1454,19.366,anthropic,0.7,exp2
1,T20,code_debugging,claude,claude-sonnet-4-20250514,base_a,4,3,5,0.6061,False,4,5,5,0.7071,False,0.0,2.0,0.0,0.667,False,734,984,12.932,anthropic,0.7,exp2
1,T21,factual_calibration,claude,claude-sonnet-4-20250514,base_a,4,5,2,0.5404,False,5,5,5,0.7369,False,1.0,0.0,3.0,1.333,False,884,1133,19.777,anthropic,0.7,exp2
1,T22,factual_calibration,claude,claude-sonnet-4-20250514,base_a,4,5,5,0.6832,False,5,4,5,0.6832,False,1.0,1.0,0.0,0.667,False,925,1192,16.774,anthropic,0.7,exp2
1,T23,factual_calibration,claude,claude-sonnet-4-20250514,base_a,4,5,4,0.631,False,4,4,3,0.534,False,0.0,1.0,1.0,0.667,False,959,1161,20.799,anthropic,0.7,exp2
1,T24,causal_inference,claude,claude-sonnet-4-20250514,base_a,4,4,5,0.6629,False,5,5,5,0.7649,False,1.0,1.0,0.0,0.667,False,689,901,14.848,anthropic,0.7,exp2
1,T25,causal_inference,claude,claude-sonnet-4-20250514,base_a,4,5,4,0.6665,False,5,3,4,0.6153,False,1.0,2.0,0.0,1.0,False,665,892,13.641,anthropic,0.7,exp2
1,T26,causal_inference,claude,claude-sonnet-4-20250514,base_a,4,4,5,0.6637,False,5,5,5,0.7658,False,1.0,1.0,0.0,0.667,False,684,875,16.996,anthropic,0.7,exp2
1,T27,mathematical_reasoning,claude,claude-sonnet-4-20250514,base_a,4,5,4,0.6126,False,5,5,5,0.7068,False,1.0,0.0,1.0,0.667,False,1180,1386,16.661,anthropic,0.7,exp2
1,T28,mathematical_reasoning,claude,claude-sonnet-4-20250514,base_a,4,4,5,0.6387,False,5,4,5,0.6878,False,1.0,0.0,0.0,0.333,False,883,1121,16.976,anthropic,0.7,exp2
1,T29,mathematical_reasoning,claude,claude-sonnet-4-20250514,base_a,4,1,4,0.4411,False,5,1,5,0.5391,False,1.0,0.0,1.0,0.667,False,898,1101,14.692,anthropic,0.7,exp2
1,T30,scientific_reasoning,claude,claude-sonnet-4-20250514,base_a,4,4,5,0.6495,False,4,5,5,0.6994,False,0.0,1.0,0.0,0.333,False,789,971,17.506,anthropic,0.7,exp2
1,T31,scientific_reasoning,claude,claude-sonnet-4-20250514,base_a,4,4,5,0.6808,False,5,5,5,0.7856,False,1.0,1.0,0.0,0.667,False,580,796,14.264,anthropic,0.7,exp2
1,T32,scientific_reasoning,claude,claude-sonnet-4-20250514,base_a,4,4,5,0.6705,False,4,5,5,0.7221,False,0.0,1.0,0.0,0.333,False,640,854,16.195,anthropic,0.7,exp2
1,T33,epistemic_calibration,claude,claude-sonnet-4-20250514,base_a,4,4,5,0.6628,False,4,5,5,0.7138,False,0.0,1.0,0.0,0.333,False,690,932,16.354,anthropic,0.7,exp2
1,T34,epistemic_calibration,claude,claude-sonnet-4-20250514,base_a,4,4,3,0.5307,False,4,4,4,0.5789,False,0.0,0.0,1.0,0.333,False,1001,1207,22.441,anthropic,0.7,exp2
1,T35,epistemic_calibration,claude,claude-sonnet-4-20250514,base_a,4,5,4,0.6116,False,5,5,4,0.6587,False,1.0,0.0,0.0,0.333,False,1193,1376,27.739,anthropic,0.7,exp2
1,T36,structured_analysis,claude,claude-sonnet-4-20250514,base_a,4,4,4,0.5827,False,4,5,5,0.6798,False,0.0,1.0,1.0,0.667,False,957,1156,22.867,anthropic,0.7,exp2
1,T37,structured_analysis,claude,claude-sonnet-4-20250514,base_a,4,3,3,0.4775,False,4,5,5,0.6686,False,0.0,2.0,2.0,1.333,False,1074,1306,26.917,anthropic,0.7,exp2
1,T08,math_proof_verification,claude,claude-sonnet-4-20250514,base_b,4,5,5,0.6563,False,5,5,5,0.7032,False,1.0,0.0,0.0,0.333,False,1224,1867,23.159,anthropic,0.7,exp2
1,T09,math_proof_verification,claude,claude-sonnet-4-20250514,base_b,4,5,5,0.6726,False,5,5,5,0.7206,False,1.0,0.0,0.0,0.333,False,1030,1574,20.435,anthropic,0.7,exp2
1,T10,math_proof_verification,claude,claude-sonnet-4-20250514,base_b,4,5,5,0.6696,False,4,5,5,0.6696,False,0.0,0.0,0.0,0.0,True,1062,1550,20.186,anthropic,0.7,exp2
1,T11,math_proof_verification,claude,claude-sonnet-4-20250514,base_b,4,5,5,0.6889,False,5,5,5,0.7381,False,1.0,0.0,0.0,0.333,False,874,1462,18.71,anthropic,0.7,exp2
1,T12,logical_validity,claude,claude-sonnet-4-20250514,base_b,4,5,5,0.6981,False,4,5,5,0.6981,False,0.0,0.0,0.0,0.0,True,799,1318,16.287,anthropic,0.7,exp2
1,T13,logical_validity,claude,claude-sonnet-4-20250514,base_b,4,5,5,0.6838,False,4,5,5,0.6838,False,0.0,0.0,0.0,0.0,True,919,1432,19.335,anthropic,0.7,exp2
1,T14,logical_validity,claude,claude-sonnet-4-20250514,base_b,4,5,5,0.6916,False,5,5,5,0.741,False,1.0,0.0,0.0,0.333,False,851,1370,18.593,anthropic,0.7,exp2
1,T15,statistical_reasoning,claude,claude-sonnet-4-20250514,base_b,4,5,5,0.6752,False,5,5,4,0.6752,False,1.0,0.0,1.0,0.667,False,1003,1539,21.415,anthropic,0.7,exp2
1,T16,statistical_reasoning,claude,claude-sonnet-4-20250514,base_b,4,5,4,0.6139,False,4,5,4,0.6139,False,0.0,0.0,0.0,0.0,True,1162,1749,25.698,anthropic,0.7,exp2
1,T17,statistical_reasoning,claude,claude-sonnet-4-20250514,base_b,4,4,5,0.6424,False,5,5,5,0.7413,False,1.0,1.0,0.0,0.667,False,849,1372,17.358,anthropic,0.7,exp2
1,T18,code_debugging,claude,claude-sonnet-4-20250514,base_b,4,5,5,0.6666,False,5,5,5,0.7143,False,1.0,0.0,0.0,0.333,False,1096,1585,19.149,anthropic,0.7,exp2
1,T19,code_debugging,claude,claude-sonnet-4-20250514,base_b,4,5,4,0.6,False,5,5,4,0.6461,False,1.0,0.0,0.0,0.333,False,1369,1872,23.326,anthropic,0.7,exp2
1,T20,code_debugging,claude,claude-sonnet-4-20250514,base_b,4,3,5,0.585,False,4,4,5,0.6338,False,0.0,1.0,0.0,0.333,False,931,1444,18.221,anthropic,0.7,exp2
1,T21,factual_calibration,claude,claude-sonnet-4-20250514,base_b,4,5,2,0.5291,False,4,5,4,0.6253,False,0.0,0.0,2.0,0.667,False,1022,1534,23.562,anthropic,0.7,exp2
1,T22,factual_calibration,claude,claude-sonnet-4-20250514,base_b,4,5,4,0.6245,False,4,4,4,0.5764,False,0.0,1.0,0.0,0.333,False,1031,1561,20.641,anthropic,0.7,exp2
1,T23,factual_calibration,claude,claude-sonnet-4-20250514,base_b,4,5,4,0.6268,False,4,4,3,0.5303,False,0.0,1.0,1.0,0.667,False,1005,1470,22.424,anthropic,0.7,exp2
1,T24,causal_inference,claude,claude-sonnet-4-20250514,base_b,4,5,4,0.629,False,5,5,5,0.7257,False,1.0,0.0,1.0,0.667,False,981,1456,20.879,anthropic,0.7,exp2
1,T25,causal_inference,claude,claude-sonnet-4-20250514,base_b,4,5,4,0.6418,False,5,5,5,0.7405,False,1.0,0.0,1.0,0.667,False,855,1345,18.353,anthropic,0.7,exp2
1,T26,causal_inference,claude,claude-sonnet-4-20250514,base_b,4,5,3,0.5753,False,5,5,5,0.7191,False,1.0,0.0,2.0,1.0,False,1045,1499,25.09,anthropic,0.7,exp2
1,T27,mathematical_reasoning,claude,claude-sonnet-4-20250514,base_b,4,5,5,0.6408,False,4,5,5,0.6408,False,0.0,0.0,0.0,0.0,True,1453,1922,22.385,anthropic,0.7,exp2
1,T28,mathematical_reasoning,claude,claude-sonnet-4-20250514,base_b,4,5,5,0.6764,False,4,5,5,0.6764,False,0.0,0.0,0.0,0.0,True,991,1492,18.82,anthropic,0.7,exp2
1,T29,mathematical_reasoning,claude,claude-sonnet-4-20250514,base_b,4,2,5,0.5108,False,4,5,5,0.6502,False,0.0,3.0,0.0,1.0,False,1309,1775,22.452,anthropic,0.7,exp2
1,T30,scientific_reasoning,claude,claude-sonnet-4-20250514,base_b,4,4,5,0.6428,False,5,5,5,0.7417,False,1.0,1.0,0.0,0.667,False,846,1291,18.948,anthropic,0.7,exp2
1,T31,scientific_reasoning,claude,claude-sonnet-4-20250514,base_b,4,5,3,0.5782,False,5,5,4,0.6746,False,1.0,0.0,1.0,0.667,False,1009,1488,22.956,anthropic,0.7,exp2
1,T32,scientific_reasoning,claude,claude-sonnet-4-20250514,base_b,4,5,5,0.7046,False,5,5,5,0.755,False,1.0,0.0,0.0,0.333,False,751,1228,18.485,anthropic,0.7,exp2
1,T33,epistemic_calibration,claude,claude-sonnet-4-20250514,base_b,4,5,5,0.6729,False,5,5,5,0.7209,False,1.0,0.0,0.0,0.333,False,1027,1532,21.61,anthropic,0.7,exp2
1,T34,epistemic_calibration,claude,claude-sonnet-4-20250514,base_b,4,3,5,0.5826,False,4,5,3,0.5826,False,0.0,2.0,2.0,1.333,False,958,1427,21.95,anthropic,0.7,exp2
1,T35,epistemic_calibration,claude,claude-sonnet-4-20250514,base_b,4,5,2,0.5167,False,3,5,4,0.5637,False,1.0,0.0,2.0,1.0,False,1206,1652,26.289,anthropic,0.7,exp2
1,T36,structured_analysis,claude,claude-sonnet-4-20250514,base_b,4,4,4,0.5772,False,5,5,4,0.6734,False,1.0,1.0,0.0,0.667,False,1022,1484,24.207,anthropic,0.7,exp2
1,T37,structured_analysis,claude,claude-sonnet-4-20250514,base_b,4,4,4,0.5629,False,4,5,4,0.6098,False,0.0,1.0,0.0,0.333,False,1219,1714,29.403,anthropic,0.7,exp2
1,T08,math_proof_verification,gpt-4o,gpt-4o,wlm_sl,2,2,3,0.3792,False,3,4,3,0.5418,False,1.0,2.0,0.0,1.0,False,469,1472,3.403,openai,0.7,exp2
1,T09,math_proof_verification,gpt-4o,gpt-4o,wlm_sl,4,5,5,0.7392,False,4,5,5,0.7392,False,0.0,0.0,0.0,0.0,True,551,1475,3.947,openai,0.7,exp2
1,T10,math_proof_verification,gpt-4o,gpt-4o,wlm_sl,3,5,4,0.6479,False,5,5,4,0.7559,False,2.0,0.0,0.0,0.667,False,479,1366,3.866,openai,0.7,exp2
1,T11,math_proof_verification,gpt-4o,gpt-4o,wlm_sl,4,5,4,0.6716,False,4,5,3,0.62,False,0.0,0.0,1.0,0.333,False,633,1601,3.917,openai,0.7,exp2
1,T12,logical_validity,gpt-4o,gpt-4o,wlm_sl,4,3,3,0.5474,False,4,5,4,0.7117,False,0.0,2.0,1.0,1.0,False,440,1355,3.39,openai,0.7,exp2
1,T13,logical_validity,gpt-4o,gpt-4o,wlm_sl,2,4,3,0.4977,False,3,4,3,0.5529,False,1.0,0.0,0.0,0.333,False,414,1326,3.402,openai,0.7,exp2
1,T14,logical_validity,gpt-4o,gpt-4o,wlm_sl,4,5,5,0.7328,False,5,5,5,0.7852,False,1.0,0.0,0.0,0.333,False,582,1487,3.642,openai,0.7,exp2
1,T15,statistical_reasoning,gpt-4o,gpt-4o,wlm_sl,3,4,4,0.5925,False,5,5,5,0.808,False,2.0,1.0,1.0,1.333,False,486,1418,3.566,openai,0.7,exp2
1,T16,statistical_reasoning,gpt-4o,gpt-4o,wlm_sl,2,5,2,0.4965,False,4,5,5,0.7723,False,2.0,0.0,3.0,1.667,False,420,1385,3.211,openai,0.7,exp2
1,T17,statistical_reasoning,gpt-4o,gpt-4o,wlm_sl,5,5,5,0.7668,False,5,5,5,0.7668,False,0.0,0.0,0.0,0.0,True,678,1576,4.676,openai,0.7,exp2
1,T18,code_debugging,gpt-4o,gpt-4o,wlm_sl,4,3,4,0.5614,False,4,5,5,0.7146,False,0.0,2.0,1.0,1.0,False,685,1567,4.086,openai,0.7,exp2
1,T19,code_debugging,gpt-4o,gpt-4o,wlm_sl,4,3,5,0.6125,False,5,4,5,0.7146,False,1.0,1.0,0.0,0.667,False,685,1559,5.36,openai,0.7,exp2
1,T20,code_debugging,gpt-4o,gpt-4o,wlm_sl,4,2,3,0.4708,False,4,3,4,0.5755,False,0.0,1.0,1.0,0.667,False,584,1488,3.394,openai,0.7,exp2
1,T21,factual_calibration,gpt-4o,gpt-4o,wlm_sl,3,5,2,0.5421,False,5,5,5,0.8132,False,2.0,0.0,3.0,1.667,False,467,1379,4.081,openai,0.7,exp2
1,T22,factual_calibration,gpt-4o,gpt-4o,wlm_sl,3,5,4,0.5782,False,4,5,3,0.5782,False,1.0,0.0,1.0,0.667,False,1009,1925,5.771,openai,0.7,exp2
1,T23,factual_calibration,gpt-4o,gpt-4o,wlm_sl,2,4,3,0.4787,False,4,5,5,0.7446,False,2.0,1.0,2.0,1.667,False,526,1399,3.695,openai,0.7,exp2
1,T24,causal_inference,gpt-4o,gpt-4o,wlm_sl,4,4,5,0.6497,False,5,5,5,0.7497,False,1.0,1.0,0.0,0.667,False,787,1662,5.621,openai,0.7,exp2
1,T25,causal_inference,gpt-4o,gpt-4o,wlm_sl,4,4,3,0.5838,False,5,5,5,0.7961,False,1.0,1.0,2.0,1.333,False,533,1419,3.946,openai,0.7,exp2
1,T26,causal_inference,gpt-4o,gpt-4o,wlm_sl,4,4,4,0.6499,False,4,5,5,0.7582,False,0.0,1.0,1.0,0.667,False,470,1326,3.164,openai,0.7,exp2
1,T27,mathematical_reasoning,gpt-4o,gpt-4o,wlm_sl,1,2,1,0.5791,False,1,5,1,1.0134,False,0.0,3.0,0.0,1.0,False,9,879,0.995,openai,0.7,exp2
1,T28,mathematical_reasoning,gpt-4o,gpt-4o,wlm_sl,4,3,4,0.583,False,4,5,4,0.689,False,0.0,2.0,0.0,0.667,False,538,1435,3.44,openai,0.7,exp2
1,T29,mathematical_reasoning,gpt-4o,gpt-4o,wlm_sl,5,5,5,0.7211,False,5,5,5,0.7211,False,0.0,0.0,0.0,0.0,True,1025,1891,5.091,openai,0.7,exp2
1,T30,scientific_reasoning,gpt-4o,gpt-4o,wlm_sl,4,2,5,0.5723,False,4,5,5,0.7284,False,0.0,3.0,0.0,1.0,False,605,1448,4.34,openai,0.7,exp2
1,T31,scientific_reasoning,gpt-4o,gpt-4o,wlm_sl,3,5,2,0.5597,False,4,5,5,0.7835,False,1.0,0.0,3.0,1.333,False,385,1268,2.952,openai,0.7,exp2
1,T32,scientific_reasoning,gpt-4o,gpt-4o,wlm_sl,3,2,4,0.4856,False,4,5,5,0.7554,False,1.0,3.0,1.0,1.667,False,481,1361,4.11,openai,0.7,exp2
1,T33,epistemic_calibration,gpt-4o,gpt-4o,wlm_sl,4,4,5,0.6762,False,5,5,5,0.7802,False,1.0,1.0,0.0,0.667,False,606,1509,4.332,openai,0.7,exp2
1,T34,epistemic_calibration,gpt-4o,gpt-4o,wlm_sl,3,2,3,0.4128,False,4,4,3,0.5676,False,1.0,2.0,0.0,1.0,False,638,1511,4.105,openai,0.7,exp2
1,T35,epistemic_calibration,gpt-4o,gpt-4o,wlm_sl,3,4,4,0.5865,False,4,5,5,0.7464,False,1.0,1.0,1.0,1.0,False,518,1371,3.652,openai,0.7,exp2
1,T36,structured_analysis,gpt-4o,gpt-4o,wlm_sl,3,4,4,0.5858,False,4,5,3,0.639,False,1.0,1.0,1.0,1.0,False,522,1387,3.879,openai,0.7,exp2
1,T37,structured_analysis,gpt-4o,gpt-4o,wlm_sl,3,2,4,0.4851,False,4,5,5,0.7546,False,1.0,3.0,1.0,1.667,False,484,1379,4.09,openai,0.7,exp2
1,T08,math_proof_verification,gpt-4o,gpt-4o,wlm_json,1,2,1,0.2142,False,2,4,2,0.4284,False,1.0,2.0,1.0,1.333,False,504,1716,5.085,openai,0.7,exp2
1,T09,math_proof_verification,gpt-4o,gpt-4o,wlm_json,2,4,2,0.4125,False,4,5,5,0.7219,False,2.0,1.0,3.0,2.0,False,641,1774,6.781,openai,0.7,exp2
1,T10,math_proof_verification,gpt-4o,gpt-4o,wlm_json,1,3,2,0.3145,False,5,5,5,0.7862,False,4.0,2.0,3.0,3.0,False,577,1673,5.863,openai,0.7,exp2
1,T11,math_proof_verification,gpt-4o,gpt-4o,wlm_json,2,4,3,0.4506,False,3,4,4,0.5507,False,1.0,0.0,1.0,0.667,False,778,1955,14.396,openai,0.7,exp2
1,T12,logical_validity,gpt-4o,gpt-4o,wlm_json,2,4,3,0.4734,False,4,5,3,0.6312,False,2.0,1.0,0.0,1.0,False,564,1688,5.63,openai,0.7,exp2
1,T13,logical_validity,gpt-4o,gpt-4o,wlm_json,3,5,4,0.6153,False,3,4,3,0.5127,False,0.0,1.0,1.0,0.667,False,665,1786,16.758,openai,0.7,exp2
1,T14,logical_validity,gpt-4o,gpt-4o,wlm_json,3,4,4,0.5732,False,4,5,4,0.6774,False,1.0,1.0,0.0,0.667,False,599,1713,5.743,openai,0.7,exp2
1,T15,statistical_reasoning,gpt-4o,gpt-4o,wlm_json,3,4,4,0.5477,False,4,5,5,0.6971,False,1.0,1.0,1.0,1.0,False,807,1948,7.419,openai,0.7,exp2
1,T16,statistical_reasoning,gpt-4o,gpt-4o,wlm_json,2,4,4,0.5035,False,4,5,4,0.6546,False,2.0,1.0,0.0,1.0,False,749,1923,7.138,openai,0.7,exp2
1,T17,statistical_reasoning,gpt-4o,gpt-4o,wlm_json,2,4,3,0.4494,False,3,5,4,0.5992,False,1.0,1.0,1.0,1.0,False,792,1899,7.552,openai,0.7,exp2
1,T18,code_debugging,gpt-4o,gpt-4o,wlm_json,3,4,4,0.554,False,5,3,5,0.6547,False,2.0,1.0,1.0,1.333,False,748,1839,9.267,openai,0.7,exp2
1,T19,code_debugging,gpt-4o,gpt-4o,wlm_json,4,3,5,0.5892,False,5,5,5,0.7365,False,1.0,2.0,0.0,1.0,False,887,1970,9.803,openai,0.7,exp2
1,T20,code_debugging,gpt-4o,gpt-4o,wlm_json,4,3,5,0.6155,False,4,3,5,0.6155,False,0.0,0.0,0.0,0.0,True,663,1776,6.517,openai,0.7,exp2
1,T21,factual_calibration,gpt-4o,gpt-4o,wlm_json,3,5,2,0.5051,False,4,5,3,0.6061,False,1.0,0.0,1.0,0.667,False,734,1855,7.927,openai,0.7,exp2
1,T22,factual_calibration,gpt-4o,gpt-4o,wlm_json,4,4,5,0.6452,False,4,3,3,0.4963,False,0.0,1.0,2.0,1.0,False,825,1950,6.883,openai,0.7,exp2
1,T23,factual_calibration,gpt-4o,gpt-4o,wlm_json,2,4,3,0.4542,False,4,5,3,0.6056,False,2.0,1.0,0.0,1.0,False,738,1820,8.137,openai,0.7,exp2
1,T24,causal_inference,gpt-4o,gpt-4o,wlm_json,3,4,4,0.5387,False,4,5,5,0.6856,False,1.0,1.0,1.0,1.0,False,903,1987,10.083,openai,0.7,exp2
1,T25,causal_inference,gpt-4o,gpt-4o,wlm_json,4,5,4,0.6687,False,4,5,5,0.7202,False,0.0,0.0,1.0,0.333,False,651,1746,6.838,openai,0.7,exp2
1,T26,causal_inference,gpt-4o,gpt-4o,wlm_json,4,4,5,0.6854,False,4,5,5,0.7381,False,0.0,1.0,0.0,0.333,False,556,1621,5.235,openai,0.7,exp2
1,T27,mathematical_reasoning,gpt-4o,gpt-4o,wlm_json,4,5,2,0.5427,False,4,5,4,0.6413,False,0.0,0.0,2.0,0.667,False,859,1938,8.976,openai,0.7,exp2
1,T28,mathematical_reasoning,gpt-4o,gpt-4o,wlm_json,2,2,2,0.3069,False,5,4,5,0.7162,False,3.0,2.0,3.0,2.667,False,675,1781,9.633,openai,0.7,exp2
1,T29,mathematical_reasoning,gpt-4o,gpt-4o,wlm_json,4,3,5,0.5748,False,4,5,5,0.6706,False,0.0,2.0,0.0,0.667,False,1051,2126,8.561,openai,0.7,exp2
1,T30,scientific_reasoning,gpt-4o,gpt-4o,wlm_json,4,3,4,0.5572,False,4,5,4,0.6585,False,0.0,2.0,0.0,0.667,False,720,1772,8.415,openai,0.7,exp2
1,T31,scientific_reasoning,gpt-4o,gpt-4o,wlm_json,4,3,4,0.5668,False,4,5,5,0.7214,False,0.0,2.0,1.0,1.0,False,644,1736,7.361,openai,0.7,exp2
1,T32,scientific_reasoning,gpt-4o,gpt-4o,wlm_json,3,4,5,0.6242,False,5,5,5,0.7802,False,2.0,1.0,0.0,1.0,False,606,1695,7.506,openai,0.7,exp2
1,T33,epistemic_calibration,gpt-4o,gpt-4o,wlm_json,3,4,2,0.4502,False,4,5,5,0.7004,False,1.0,1.0,3.0,1.667,False,782,1894,8.655,openai,0.7,exp2
1,T34,epistemic_calibration,gpt-4o,gpt-4o,wlm_json,4,3,5,0.6106,False,4,5,4,0.6615,False,0.0,2.0,1.0,1.0,False,699,1781,7.4,openai,0.7,exp2
1,T35,epistemic_calibration,gpt-4o,gpt-4o,wlm_json,2,4,2,0.4063,False,3,4,3,0.5078,False,1.0,0.0,1.0,0.667,False,708,1770,7.374,openai,0.7,exp2
1,T36,structured_analysis,gpt-4o,gpt-4o,wlm_json,2,3,2,0.3561,False,3,2,3,0.407,False,1.0,1.0,1.0,1.0,False,700,1774,7.967,openai,0.7,exp2
1,T37,structured_analysis,gpt-4o,gpt-4o,wlm_json,3,2,5,0.5062,False,4,5,4,0.6581,False,1.0,3.0,1.0,1.667,False,723,1827,8.108,openai,0.7,exp2
1,T08,math_proof_verification,gpt-4o,gpt-4o,wlm_hybrid_v2,2,3,2,0.3771,False,4,5,4,0.7003,False,2.0,2.0,2.0,2.0,False,486,2181,5.48,openai,0.7,exp2
1,T09,math_proof_verification,gpt-4o,gpt-4o,wlm_hybrid_v2,4,5,5,0.7124,False,4,5,4,0.6615,False,0.0,0.0,1.0,0.333,False,699,2315,7.343,openai,0.7,exp2
1,T10,math_proof_verification,gpt-4o,gpt-4o,wlm_hybrid_v2,2,3,3,0.4181,False,5,5,5,0.7839,False,3.0,2.0,2.0,2.333,False,588,2167,6.725,openai,0.7,exp2
1,T11,math_proof_verification,gpt-4o,gpt-4o,wlm_hybrid_v2,4,4,5,0.6452,False,4,5,4,0.6452,False,0.0,1.0,1.0,0.667,False,825,2485,8.651,openai,0.7,exp2
1,T12,logical_validity,gpt-4o,gpt-4o,wlm_hybrid_v2,4,5,5,0.7318,False,5,5,5,0.7841,False,1.0,0.0,0.0,0.333,False,587,2194,5.356,openai,0.7,exp2
1,T13,logical_validity,gpt-4o,gpt-4o,wlm_hybrid_v2,3,2,2,0.3706,False,3,2,3,0.4236,False,0.0,0.0,1.0,0.333,False,541,2145,6.424,openai,0.7,exp2
1,T14,logical_validity,gpt-4o,gpt-4o,wlm_hybrid_v2,3,4,5,0.6174,False,4,5,5,0.7203,False,1.0,1.0,0.0,0.667,False,650,2247,7.007,openai,0.7,exp2
1,T15,statistical_reasoning,gpt-4o,gpt-4o,wlm_hybrid_v2,4,4,4,0.6016,False,3,4,3,0.5013,False,1.0,0.0,1.0,0.667,False,771,2395,6.942,openai,0.7,exp2
1,T16,statistical_reasoning,gpt-4o,gpt-4o,wlm_hybrid_v2,4,5,5,0.7297,False,4,5,5,0.7297,False,0.0,0.0,0.0,0.0,True,598,2255,8.006,openai,0.7,exp2
1,T17,statistical_reasoning,gpt-4o,gpt-4o,wlm_hybrid_v2,4,4,5,0.6405,False,5,5,5,0.7391,False,1.0,1.0,0.0,0.667,False,866,2456,8.392,openai,0.7,exp2
1,T18,code_debugging,gpt-4o,gpt-4o,wlm_hybrid_v2,4,3,5,0.5942,False,4,5,5,0.6932,False,0.0,2.0,0.0,0.667,False,838,2412,7.513,openai,0.7,exp2
1,T19,code_debugging,gpt-4o,gpt-4o,wlm_hybrid_v2,4,4,3,0.5508,False,4,5,4,0.651,False,0.0,1.0,1.0,0.667,False,777,2343,9.21,openai,0.7,exp2
1,T20,code_debugging,gpt-4o,gpt-4o,wlm_hybrid_v2,4,3,5,0.6191,False,3,4,4,0.5675,False,1.0,1.0,1.0,1.0,False,639,2235,7.133,openai,0.7,exp2
1,T21,factual_calibration,gpt-4o,gpt-4o,wlm_hybrid_v2,2,4,2,0.4035,False,3,5,5,0.6556,False,1.0,1.0,3.0,1.667,False,741,2345,7.437,openai,0.7,exp2
1,T22,factual_calibration,gpt-4o,gpt-4o,wlm_hybrid_v2,3,4,5,0.5953,False,4,5,5,0.6945,False,1.0,1.0,0.0,0.667,False,827,2435,9.55,openai,0.7,exp2
1,T23,factual_calibration,gpt-4o,gpt-4o,wlm_hybrid_v2,3,4,5,0.6111,False,4,5,5,0.713,False,1.0,1.0,0.0,0.667,False,695,2260,9.377,openai,0.7,exp2
1,T24,causal_inference,gpt-4o,gpt-4o,wlm_hybrid_v2,4,5,5,0.7015,False,4,5,5,0.7015,False,0.0,0.0,0.0,0.0,True,774,2341,8.486,openai,0.7,exp2
1,T25,causal_inference,gpt-4o,gpt-4o,wlm_hybrid_v2,4,3,5,0.6062,False,4,5,4,0.6567,False,0.0,2.0,1.0,1.0,False,733,2311,8.013,openai,0.7,exp2
1,T26,causal_inference,gpt-4o,gpt-4o,wlm_hybrid_v2,3,4,5,0.6174,False,3,5,4,0.6174,False,0.0,1.0,1.0,0.667,False,650,2198,9.959,openai,0.7,exp2
1,T27,mathematical_reasoning,gpt-4o,gpt-4o,wlm_hybrid_v2,3,4,5,0.595,False,3,5,3,0.5454,False,0.0,1.0,2.0,1.0,False,830,2392,9.539,openai,0.7,exp2
1,T28,mathematical_reasoning,gpt-4o,gpt-4o,wlm_hybrid_v2,4,5,5,0.7102,False,4,5,5,0.7102,False,0.0,0.0,0.0,0.0,True,713,2302,19.386,openai,0.7,exp2
1,T29,mathematical_reasoning,gpt-4o,gpt-4o,wlm_hybrid_v2,2,1,2,0.2601,False,3,5,4,0.6243,False,1.0,4.0,2.0,2.333,False,605,2163,6.706,openai,0.7,exp2
1,T30,scientific_reasoning,gpt-4o,gpt-4o,wlm_hybrid_v2,3,4,5,0.6412,False,4,5,4,0.6946,False,1.0,1.0,1.0,1.0,False,511,2046,6.046,openai,0.7,exp2
1,T31,scientific_reasoning,gpt-4o,gpt-4o,wlm_hybrid_v2,4,4,5,0.6755,False,4,5,4,0.6755,False,0.0,1.0,1.0,0.667,False,610,2185,6.452,openai,0.7,exp2
1,T32,scientific_reasoning,gpt-4o,gpt-4o,wlm_hybrid_v2,4,4,5,0.6497,False,5,5,5,0.7497,False,1.0,1.0,0.0,0.667,False,787,2359,9.774,openai,0.7,exp2
1,T33,epistemic_calibration,gpt-4o,gpt-4o,wlm_hybrid_v2,4,4,5,0.6471,False,4,5,5,0.6968,False,0.0,1.0,0.0,0.333,False,809,2404,8.921,openai,0.7,exp2
1,T34,epistemic_calibration,gpt-4o,gpt-4o,wlm_hybrid_v2,2,2,4,0.4168,False,4,5,5,0.7293,False,2.0,3.0,1.0,2.0,False,600,2165,7.426,openai,0.7,exp2
1,T35,epistemic_calibration,gpt-4o,gpt-4o,wlm_hybrid_v2,3,4,3,0.5243,False,4,5,5,0.734,False,1.0,1.0,2.0,1.333,False,576,2121,7.294,openai,0.7,exp2
1,T36,structured_analysis,gpt-4o,gpt-4o,wlm_hybrid_v2,3,4,5,0.6545,False,4,4,5,0.709,False,1.0,0.0,0.0,0.333,False,450,2007,6.14,openai,0.7,exp2
1,T37,structured_analysis,gpt-4o,gpt-4o,wlm_hybrid_v2,3,4,5,0.6176,False,4,5,5,0.7205,False,1.0,1.0,0.0,0.667,False,649,2236,9.681,openai,0.7,exp2
1,T08,math_proof_verification,gpt-4o,gpt-4o,base_a,2,2,3,0.3563,False,3,4,3,0.509,False,1.0,2.0,0.0,1.0,False,697,1024,4.277,openai,0.7,exp2
1,T09,math_proof_verification,gpt-4o,gpt-4o,base_a,4,2,4,0.5196,False,4,5,5,0.7275,False,0.0,3.0,1.0,1.333,False,610,858,6.322,openai,0.7,exp2
1,T10,math_proof_verification,gpt-4o,gpt-4o,base_a,4,4,5,0.6912,False,5,5,5,0.7976,False,1.0,1.0,0.0,0.667,False,527,738,5.377,openai,0.7,exp2
1,T11,math_proof_verification,gpt-4o,gpt-4o,base_a,4,3,5,0.6545,False,4,5,4,0.709,False,0.0,2.0,1.0,1.0,False,450,742,4.271,openai,0.7,exp2
1,T12,logical_validity,gpt-4o,gpt-4o,base_a,4,2,4,0.5388,False,4,4,4,0.6466,False,0.0,2.0,0.0,0.667,False,485,724,3.625,openai,0.7,exp2
1,T13,logical_validity,gpt-4o,gpt-4o,base_a,4,5,4,0.6716,False,4,5,4,0.6716,False,0.0,0.0,0.0,0.0,True,633,869,10.977,openai,0.7,exp2
1,T14,logical_validity,gpt-4o,gpt-4o,base_a,4,5,4,0.6491,False,4,5,5,0.699,False,0.0,0.0,1.0,0.333,False,792,1021,11.797,openai,0.7,exp2
1,T15,statistical_reasoning,gpt-4o,gpt-4o,base_a,4,4,5,0.6584,False,5,5,5,0.7596,False,1.0,1.0,0.0,0.667,False,721,977,4.737,openai,0.7,exp2
1,T16,statistical_reasoning,gpt-4o,gpt-4o,base_a,4,3,4,0.5616,False,5,5,5,0.7658,False,1.0,2.0,1.0,1.333,False,684,973,14.71,openai,0.7,exp2
1,T17,statistical_reasoning,gpt-4o,gpt-4o,base_a,4,4,5,0.6799,False,5,5,5,0.7845,False,1.0,1.0,0.0,0.667,False,585,807,9.88,openai,0.7,exp2
1,T18,code_debugging,gpt-4o,gpt-4o,base_a,4,4,5,0.664,False,5,5,5,0.7661,False,1.0,1.0,0.0,0.667,False,682,888,8.041,openai,0.7,exp2
1,T19,code_debugging,gpt-4o,gpt-4o,base_a,5,4,5,0.6957,False,5,5,5,0.7454,False,0.0,1.0,0.0,0.333,False,818,1016,5.429,openai,0.7,exp2
1,T20,code_debugging,gpt-4o,gpt-4o,base_a,4,2,5,0.5696,False,5,5,5,0.7767,False,1.0,3.0,0.0,1.333,False,624,852,6.612,openai,0.7,exp2
1,T21,factual_calibration,gpt-4o,gpt-4o,base_a,4,2,2,0.4154,False,4,5,4,0.675,False,0.0,3.0,2.0,1.667,False,613,849,11.491,openai,0.7,exp2
1,T22,factual_calibration,gpt-4o,gpt-4o,base_a,5,5,5,0.7816,False,5,5,5,0.7816,False,0.0,0.0,0.0,0.0,True,599,839,3.862,openai,0.7,exp2
1,T23,factual_calibration,gpt-4o,gpt-4o,base_a,3,4,4,0.5581,False,4,5,5,0.7104,False,1.0,1.0,1.0,1.0,False,712,909,10.253,openai,0.7,exp2
1,T24,causal_inference,gpt-4o,gpt-4o,base_a,4,3,4,0.5635,False,5,5,4,0.7171,False,1.0,2.0,0.0,1.0,False,669,868,9.934,openai,0.7,exp2
1,T25,causal_inference,gpt-4o,gpt-4o,base_a,4,3,4,0.5544,False,5,5,5,0.756,False,1.0,2.0,1.0,1.333,False,744,954,5.109,openai,0.7,exp2
1,T26,causal_inference,gpt-4o,gpt-4o,base_a,4,3,5,0.6464,False,4,5,5,0.7541,False,0.0,2.0,0.0,0.667,False,486,666,5.684,openai,0.7,exp2
1,T27,mathematical_reasoning,gpt-4o,gpt-4o,base_a,4,5,5,0.6555,False,5,5,4,0.6555,False,1.0,0.0,1.0,0.667,False,1235,1429,63.187,openai,0.7,exp2
1,T28,mathematical_reasoning,gpt-4o,gpt-4o,base_a,4,3,5,0.5999,False,4,5,5,0.6998,False,0.0,2.0,0.0,0.667,False,786,1007,16.191,openai,0.7,exp2
1,T29,mathematical_reasoning,gpt-4o,gpt-4o,base_a,4,5,5,0.6933,False,4,5,5,0.6933,False,0.0,0.0,0.0,0.0,True,837,1027,4.865,openai,0.7,exp2
1,T30,scientific_reasoning,gpt-4o,gpt-4o,base_a,4,3,5,0.6472,False,4,3,4,0.5933,False,0.0,0.0,1.0,0.333,False,482,649,6.397,openai,0.7,exp2
1,T31,scientific_reasoning,gpt-4o,gpt-4o,base_a,4,2,5,0.5913,False,5,4,5,0.7526,False,1.0,2.0,0.0,1.0,False,492,699,10.025,openai,0.7,exp2
1,T32,scientific_reasoning,gpt-4o,gpt-4o,base_a,3,2,4,0.4761,False,5,5,5,0.7936,False,2.0,3.0,1.0,2.0,False,544,748,9.822,openai,0.7,exp2
1,T33,epistemic_calibration,gpt-4o,gpt-4o,base_a,4,4,5,0.6862,False,5,5,5,0.7917,False,1.0,1.0,0.0,0.667,False,552,779,10.09,openai,0.7,exp2
1,T34,epistemic_calibration,gpt-4o,gpt-4o,base_a,4,4,5,0.6998,False,4,5,4,0.6998,False,0.0,1.0,1.0,0.667,False,488,685,7.318,openai,0.7,exp2
1,T35,epistemic_calibration,gpt-4o,gpt-4o,base_a,4,4,4,0.6194,False,5,5,4,0.7226,False,1.0,1.0,0.0,0.667,False,637,814,7.762,openai,0.7,exp2
1,T36,structured_analysis,gpt-4o,gpt-4o,base_a,4,3,4,0.5523,False,3,4,3,0.5021,False,1.0,1.0,1.0,1.0,False,763,952,5.709,openai,0.7,exp2
1,T37,structured_analysis,gpt-4o,gpt-4o,base_a,4,3,5,0.6023,False,4,4,5,0.6525,False,0.0,1.0,0.0,0.333,False,765,984,11.164,openai,0.7,exp2
1,T08,math_proof_verification,gpt-4o,gpt-4o,base_b,2,2,3,0.3564,False,4,3,3,0.5092,False,2.0,1.0,0.0,1.0,False,696,1258,4.416,openai,0.7,exp2
1,T09,math_proof_verification,gpt-4o,gpt-4o,base_b,3,4,5,0.6216,False,5,5,5,0.7771,False,2.0,1.0,0.0,1.0,False,622,1105,4.715,openai,0.7,exp2
1,T10,math_proof_verification,gpt-4o,gpt-4o,base_b,4,4,5,0.6501,False,5,5,5,0.7501,False,1.0,1.0,0.0,0.667,False,784,1230,5.546,openai,0.7,exp2
1,T11,math_proof_verification,gpt-4o,gpt-4o,base_b,3,4,5,0.6007,False,4,5,3,0.6007,False,1.0,1.0,2.0,1.333,False,779,1306,4.876,openai,0.7,exp2
1,T12,logical_validity,gpt-4o,gpt-4o,base_b,4,2,4,0.5094,False,4,5,4,0.6622,False,0.0,3.0,0.0,1.0,False,694,1168,4.694,openai,0.7,exp2
1,T13,logical_validity,gpt-4o,gpt-4o,base_b,3,4,4,0.5574,False,4,3,2,0.4561,False,1.0,1.0,2.0,1.333,False,718,1189,5.025,openai,0.7,exp2
1,T14,logical_validity,gpt-4o,gpt-4o,base_b,4,4,5,0.6596,False,5,5,5,0.7611,False,1.0,1.0,0.0,0.667,False,712,1176,5.031,openai,0.7,exp2
1,T15,statistical_reasoning,gpt-4o,gpt-4o,base_b,4,4,5,0.6528,False,4,5,5,0.703,False,0.0,1.0,0.0,0.333,False,763,1254,5.263,openai,0.7,exp2
1,T16,statistical_reasoning,gpt-4o,gpt-4o,base_b,3,4,5,0.617,False,5,5,5,0.7712,False,2.0,1.0,0.0,1.0,False,653,1177,5.045,openai,0.7,exp2
1,T17,statistical_reasoning,gpt-4o,gpt-4o,base_b,4,5,5,0.6929,False,5,5,5,0.7424,False,1.0,0.0,0.0,0.333,False,840,1297,5.146,openai,0.7,exp2
1,T18,code_debugging,gpt-4o,gpt-4o,base_b,4,3,5,0.5964,False,5,5,5,0.7455,False,1.0,2.0,0.0,1.0,False,817,1258,4.898,openai,0.7,exp2
1,T19,code_debugging,gpt-4o,gpt-4o,base_b,4,5,5,0.6848,False,4,5,5,0.6848,False,0.0,0.0,0.0,0.0,True,910,1343,5.847,openai,0.7,exp2
1,T20,code_debugging,gpt-4o,gpt-4o,base_b,4,3,5,0.605,False,5,5,5,0.7562,False,1.0,2.0,0.0,1.0,False,743,1206,4.946,openai,0.7,exp2
1,T21,factual_calibration,gpt-4o,gpt-4o,base_b,3,4,2,0.4619,False,4,5,3,0.6158,False,1.0,1.0,1.0,1.0,False,661,1132,4.479,openai,0.7,exp2
1,T22,factual_calibration,gpt-4o,gpt-4o,base_b,4,5,5,0.7025,False,5,5,4,0.7025,False,1.0,0.0,1.0,0.667,False,766,1241,4.66,openai,0.7,exp2
1,T23,factual_calibration,gpt-4o,gpt-4o,base_b,3,2,4,0.4506,False,4,5,3,0.6008,False,1.0,3.0,1.0,1.667,False,778,1210,5.21,openai,0.7,exp2
1,T24,causal_inference,gpt-4o,gpt-4o,base_b,4,4,5,0.654,False,5,5,5,0.7547,False,1.0,1.0,0.0,0.667,False,753,1187,4.793,openai,0.7,exp2
1,T25,causal_inference,gpt-4o,gpt-4o,base_b,4,5,5,0.7152,False,4,5,5,0.7152,False,0.0,0.0,0.0,0.0,True,681,1126,4.42,openai,0.7,exp2
1,T26,causal_inference,gpt-4o,gpt-4o,base_b,4,3,5,0.6137,False,4,5,5,0.716,False,0.0,2.0,0.0,0.667,False,676,1091,4.614,openai,0.7,exp2
1,T27,mathematical_reasoning,gpt-4o,gpt-4o,base_b,4,3,4,0.5324,False,4,5,4,0.6292,False,0.0,2.0,0.0,0.667,False,979,1408,5.299,openai,0.7,exp2
1,T28,mathematical_reasoning,gpt-4o,gpt-4o,base_b,4,5,5,0.6927,False,4,5,5,0.6927,False,0.0,0.0,0.0,0.0,True,842,1298,5.189,openai,0.7,exp2
1,T29,mathematical_reasoning,gpt-4o,gpt-4o,base_b,4,4,5,0.64,False,5,5,5,0.7385,False,1.0,1.0,0.0,0.667,False,871,1296,5.607,openai,0.7,exp2
1,T30,scientific_reasoning,gpt-4o,gpt-4o,base_b,4,3,5,0.621,False,3,4,4,0.5693,False,1.0,1.0,1.0,1.0,False,626,1028,4.285,openai,0.7,exp2
1,T31,scientific_reasoning,gpt-4o,gpt-4o,base_b,4,4,5,0.6664,False,5,5,5,0.7689,False,1.0,1.0,0.0,0.667,False,666,1108,6.391,openai,0.7,exp2
1,T32,scientific_reasoning,gpt-4o,gpt-4o,base_b,3,2,4,0.4568,False,5,5,5,0.7613,False,2.0,3.0,1.0,2.0,False,711,1150,6.177,openai,0.7,exp2
1,T33,epistemic_calibration,gpt-4o,gpt-4o,base_b,4,3,5,0.5937,False,3,5,4,0.5937,False,1.0,2.0,1.0,1.333,False,842,1304,5.269,openai,0.7,exp2
1,T34,epistemic_calibration,gpt-4o,gpt-4o,base_b,4,2,4,0.5193,False,4,5,3,0.6232,False,0.0,3.0,1.0,1.333,False,612,1044,4.279,openai,0.7,exp2
1,T35,epistemic_calibration,gpt-4o,gpt-4o,base_b,4,4,5,0.6505,False,4,5,4,0.6505,False,0.0,1.0,1.0,0.667,False,781,1193,5.884,openai,0.7,exp2
1,T36,structured_analysis,gpt-4o,gpt-4o,base_b,4,3,5,0.6106,False,4,5,4,0.6615,False,0.0,2.0,1.0,1.0,False,699,1123,4.823,openai,0.7,exp2
1,T37,structured_analysis,gpt-4o,gpt-4o,base_b,4,4,5,0.6445,False,4,5,5,0.694,False,0.0,1.0,0.0,0.333,False,831,1285,5.546,openai,0.7,exp2
1,T08,math_proof_verification,gpt-4o-mini,gpt-4o-mini,wlm_sl,4,3,4,0.5708,False,5,5,4,0.7265,False,1.0,2.0,0.0,1.0,False,615,1618,7.703,openai,0.7,exp2
1,T09,math_proof_verification,gpt-4o-mini,gpt-4o-mini,wlm_sl,4,5,4,0.716,False,5,5,5,0.8262,False,1.0,0.0,1.0,0.667,False,424,1348,6.899,openai,0.7,exp2
1,T10,math_proof_verification,gpt-4o-mini,gpt-4o-mini,wlm_sl,3,4,4,0.6015,False,4,5,5,0.7656,False,1.0,1.0,1.0,1.0,False,443,1330,5.798,openai,0.7,exp2
1,T11,math_proof_verification,gpt-4o-mini,gpt-4o-mini,wlm_sl,3,5,4,0.6633,False,4,5,4,0.7185,False,1.0,0.0,0.0,0.333,False,415,1383,6.179,openai,0.7,exp2
1,T12,logical_validity,gpt-4o-mini,gpt-4o-mini,wlm_sl,3,4,4,0.6105,False,4,5,3,0.666,False,1.0,1.0,1.0,1.0,False,405,1320,5.768,openai,0.7,exp2
1,T13,logical_validity,gpt-4o-mini,gpt-4o-mini,wlm_sl,2,3,3,0.4466,False,3,4,3,0.5582,False,1.0,1.0,0.0,0.667,False,391,1303,5.297,openai,0.7,exp2
1,T14,logical_validity,gpt-4o-mini,gpt-4o-mini,wlm_sl,2,5,2,0.4869,False,4,5,5,0.7574,False,2.0,0.0,3.0,1.667,False,473,1378,8.879,openai,0.7,exp2
1,T15,statistical_reasoning,gpt-4o-mini,gpt-4o-mini,wlm_sl,4,4,4,0.6291,False,5,5,5,0.7864,False,1.0,1.0,1.0,1.0,False,576,1508,6.652,openai,0.7,exp2
1,T16,statistical_reasoning,gpt-4o-mini,gpt-4o-mini,wlm_sl,2,5,2,0.5129,False,4,5,4,0.7408,False,2.0,0.0,2.0,1.333,False,346,1311,5.637,openai,0.7,exp2
1,T17,statistical_reasoning,gpt-4o-mini,gpt-4o-mini,wlm_sl,2,3,3,0.4261,False,4,4,5,0.6925,False,2.0,1.0,2.0,1.667,False,521,1419,6.965,openai,0.7,exp2
1,T18,code_debugging,gpt-4o-mini,gpt-4o-mini,wlm_sl,4,4,4,0.6327,False,4,5,5,0.7381,False,0.0,1.0,1.0,0.667,False,556,1438,7.564,openai,0.7,exp2
1,T19,code_debugging,gpt-4o-mini,gpt-4o-mini,wlm_sl,4,3,5,0.6134,False,4,5,5,0.7157,False,0.0,2.0,0.0,0.667,False,678,1552,9.407,openai,0.7,exp2
1,T20,code_debugging,gpt-4o-mini,gpt-4o-mini,wlm_sl,4,3,4,0.5724,False,5,5,5,0.7806,False,1.0,2.0,1.0,1.333,False,604,1508,8.497,openai,0.7,exp2
1,T21,factual_calibration,gpt-4o-mini,gpt-4o-mini,wlm_sl,3,5,2,0.5193,False,5,5,3,0.6751,False,2.0,0.0,1.0,1.0,False,612,1524,8.708,openai,0.7,exp2
1,T22,factual_calibration,gpt-4o-mini,gpt-4o-mini,wlm_sl,3,4,4,0.577,False,3,4,2,0.4721,False,0.0,0.0,2.0,0.667,False,574,1490,7.445,openai,0.7,exp2
1,T23,factual_calibration,gpt-4o-mini,gpt-4o-mini,wlm_sl,2,4,2,0.4171,False,5,5,5,0.782,False,3.0,1.0,3.0,2.333,False,597,1470,8.692,openai,0.7,exp2
1,T24,causal_inference,gpt-4o-mini,gpt-4o-mini,wlm_sl,3,5,4,0.6332,False,5,5,5,0.7915,False,2.0,0.0,1.0,1.0,False,553,1428,7.118,openai,0.7,exp2
1,T25,causal_inference,gpt-4o-mini,gpt-4o-mini,wlm_sl,4,2,4,0.5474,False,4,3,4,0.6022,False,0.0,1.0,0.0,0.333,False,440,1326,5.774,openai,0.7,exp2
1,T26,causal_inference,gpt-4o-mini,gpt-4o-mini,wlm_sl,2,4,4,0.5545,False,4,5,5,0.7763,False,2.0,1.0,1.0,1.333,False,407,1263,5.477,openai,0.7,exp2
1,T27,mathematical_reasoning,gpt-4o-mini,gpt-4o-mini,wlm_sl,4,5,3,0.613,False,5,5,4,0.7152,False,1.0,0.0,1.0,0.667,False,681,1551,8.073,openai,0.7,exp2
1,T28,mathematical_reasoning,gpt-4o-mini,gpt-4o-mini,wlm_sl,4,2,3,0.4876,False,4,4,4,0.6501,False,0.0,2.0,1.0,1.0,False,469,1366,5.837,openai,0.7,exp2
1,T29,mathematical_reasoning,gpt-4o-mini,gpt-4o-mini,wlm_sl,2,2,3,0.3699,False,3,5,3,0.5813,False,1.0,3.0,0.0,1.333,False,548,1414,5.89,openai,0.7,exp2
1,T30,scientific_reasoning,gpt-4o-mini,gpt-4o-mini,wlm_sl,3,2,2,0.4041,False,4,5,4,0.7504,False,1.0,3.0,2.0,2.0,False,321,1164,4.068,openai,0.7,exp2
1,T31,scientific_reasoning,gpt-4o-mini,gpt-4o-mini,wlm_sl,4,3,4,0.5925,False,5,5,5,0.808,False,1.0,2.0,1.0,1.333,False,486,1369,6.082,openai,0.7,exp2
1,T32,scientific_reasoning,gpt-4o-mini,gpt-4o-mini,wlm_sl,2,5,2,0.5121,False,5,5,4,0.7966,False,3.0,0.0,2.0,1.667,False,349,1229,4.319,openai,0.7,exp2
1,T33,epistemic_calibration,gpt-4o-mini,gpt-4o-mini,wlm_sl,3,4,4,0.6002,False,5,5,5,0.8184,False,2.0,1.0,1.0,1.333,False,449,1352,5.118,openai,0.7,exp2
1,T34,epistemic_calibration,gpt-4o-mini,gpt-4o-mini,wlm_sl,2,4,4,0.5472,False,3,5,3,0.602,False,1.0,1.0,1.0,1.0,False,441,1314,5.478,openai,0.7,exp2
1,T35,epistemic_calibration,gpt-4o-mini,gpt-4o-mini,wlm_sl,2,4,2,0.4336,False,4,5,3,0.6503,False,2.0,1.0,1.0,1.333,False,468,1321,7.957,openai,0.7,exp2
1,T36,structured_analysis,gpt-4o-mini,gpt-4o-mini,wlm_sl,3,3,4,0.5367,False,4,5,5,0.7514,False,1.0,2.0,1.0,1.333,False,497,1362,6.317,openai,0.7,exp2
1,T37,structured_analysis,gpt-4o-mini,gpt-4o-mini,wlm_sl,3,4,5,0.6314,False,4,5,4,0.684,False,1.0,1.0,1.0,1.0,False,563,1458,8.061,openai,0.7,exp2
1,T08,math_proof_verification,gpt-4o-mini,gpt-4o-mini,base_a,4,3,4,0.5192,False,4,5,5,0.6608,False,0.0,2.0,1.0,1.0,False,1166,1493,16.102,openai,0.7,exp2
1,T09,math_proof_verification,gpt-4o-mini,gpt-4o-mini,base_a,4,4,5,0.6741,False,5,5,5,0.7778,False,1.0,1.0,0.0,0.667,False,618,866,10.142,openai,0.7,exp2
1,T10,math_proof_verification,gpt-4o-mini,gpt-4o-mini,base_a,4,5,5,0.7006,False,5,5,4,0.7006,False,1.0,0.0,1.0,0.667,False,780,991,9.663,openai,0.7,exp2
1,T11,math_proof_verification,gpt-4o-mini,gpt-4o-mini,base_a,3,5,5,0.661,False,5,5,4,0.7119,False,2.0,0.0,1.0,1.0,False,702,994,8.82,openai,0.7,exp2
1,T12,logical_validity,gpt-4o-mini,gpt-4o-mini,base_a,4,2,4,0.5219,False,5,4,3,0.6263,False,1.0,2.0,1.0,1.333,False,593,832,7.568,openai,0.7,exp2
1,T13,logical_validity,gpt-4o-mini,gpt-4o-mini,base_a,4,2,4,0.5013,False,4,5,4,0.6517,False,0.0,3.0,0.0,1.0,False,771,1007,15.502,openai,0.7,exp2
1,T14,logical_validity,gpt-4o-mini,gpt-4o-mini,base_a,4,3,5,0.5964,False,4,5,4,0.6461,False,0.0,2.0,1.0,1.0,False,817,1046,12.469,openai,0.7,exp2
1,T15,statistical_reasoning,gpt-4o-mini,gpt-4o-mini,base_a,4,3,5,0.6105,False,5,4,4,0.6613,False,1.0,1.0,1.0,1.0,False,700,956,10.859,openai,0.7,exp2
1,T16,statistical_reasoning,gpt-4o-mini,gpt-4o-mini,base_a,3,2,4,0.4268,False,3,4,4,0.5216,False,0.0,2.0,0.0,0.667,False,1128,1417,14.514,openai,0.7,exp2
1,T17,statistical_reasoning,gpt-4o-mini,gpt-4o-mini,base_a,4,4,5,0.66,False,5,5,5,0.7616,False,1.0,1.0,0.0,0.667,False,709,931,10.806,openai,0.7,exp2
1,T18,code_debugging,gpt-4o-mini,gpt-4o-mini,base_a,4,4,5,0.6711,False,5,5,5,0.7744,False,1.0,1.0,0.0,0.667,False,636,842,10.553,openai,0.7,exp2
1,T19,code_debugging,gpt-4o-mini,gpt-4o-mini,base_a,4,3,5,0.5948,False,4,5,5,0.6939,False,0.0,2.0,0.0,0.667,False,832,1030,14.036,openai,0.7,exp2
1,T20,code_debugging,gpt-4o-mini,gpt-4o-mini,base_a,4,4,5,0.6672,False,5,5,5,0.7698,False,1.0,1.0,0.0,0.667,False,661,889,9.512,openai,0.7,exp2
1,T21,factual_calibration,gpt-4o-mini,gpt-4o-mini,base_a,4,5,2,0.5497,False,5,5,4,0.6996,False,1.0,0.0,2.0,1.0,False,788,1024,12.629,openai,0.7,exp2
1,T22,factual_calibration,gpt-4o-mini,gpt-4o-mini,base_a,4,5,5,0.7176,False,5,5,5,0.7689,False,1.0,0.0,0.0,0.333,False,666,906,8.914,openai,0.7,exp2
1,T23,factual_calibration,gpt-4o-mini,gpt-4o-mini,base_a,3,4,2,0.4356,False,4,5,3,0.5808,False,1.0,1.0,1.0,1.0,False,978,1175,13.378,openai,0.7,exp2
1,T24,causal_inference,gpt-4o-mini,gpt-4o-mini,base_a,4,4,4,0.6059,False,4,5,5,0.7069,False,0.0,1.0,1.0,0.667,False,735,934,10.662,openai,0.7,exp2
1,T25,causal_inference,gpt-4o-mini,gpt-4o-mini,base_a,4,2,3,0.4777,False,5,5,5,0.7961,False,1.0,3.0,2.0,2.0,False,533,743,11.939,openai,0.7,exp2
1,T26,causal_inference,gpt-4o-mini,gpt-4o-mini,base_a,4,4,5,0.698,False,5,4,5,0.7516,False,1.0,0.0,0.0,0.333,False,496,676,9.224,openai,0.7,exp2
1,T27,mathematical_reasoning,gpt-4o-mini,gpt-4o-mini,base_a,4,5,5,0.6778,False,5,5,5,0.7262,False,1.0,0.0,0.0,0.333,False,977,1171,15.386,openai,0.7,exp2
1,T28,mathematical_reasoning,gpt-4o-mini,gpt-4o-mini,base_a,4,2,5,0.536,False,4,4,5,0.6335,False,0.0,2.0,0.0,0.667,False,934,1155,15.649,openai,0.7,exp2
1,T29,mathematical_reasoning,gpt-4o-mini,gpt-4o-mini,base_a,4,5,5,0.6888,False,5,5,5,0.738,False,1.0,0.0,0.0,0.333,False,875,1065,15.633,openai,0.7,exp2
1,T30,scientific_reasoning,gpt-4o-mini,gpt-4o-mini,base_a,4,4,5,0.6672,False,4,5,5,0.7185,False,0.0,1.0,0.0,0.333,False,661,828,13.369,openai,0.7,exp2
1,T31,scientific_reasoning,gpt-4o-mini,gpt-4o-mini,base_a,4,3,5,0.6404,False,5,5,5,0.8005,False,1.0,2.0,0.0,1.0,False,515,722,8.602,openai,0.7,exp2
1,T32,scientific_reasoning,gpt-4o-mini,gpt-4o-mini,base_a,2,2,2,0.301,False,4,4,5,0.6522,False,2.0,2.0,3.0,2.333,False,767,971,12.63,openai,0.7,exp2
1,T33,epistemic_calibration,gpt-4o-mini,gpt-4o-mini,base_a,4,4,5,0.6731,False,4,5,4,0.6731,False,0.0,1.0,1.0,0.667,False,624,851,10.667,openai,0.7,exp2
1,T34,epistemic_calibration,gpt-4o-mini,gpt-4o-mini,base_a,3,2,4,0.4551,False,4,5,5,0.708,False,1.0,3.0,1.0,1.667,False,728,925,14.895,openai,0.7,exp2
1,T35,epistemic_calibration,gpt-4o-mini,gpt-4o-mini,base_a,3,2,4,0.4393,False,4,5,4,0.6345,False,1.0,3.0,0.0,1.333,False,924,1101,17.711,openai,0.7,exp2
1,T36,structured_analysis,gpt-4o-mini,gpt-4o-mini,base_a,4,2,4,0.4995,False,4,4,4,0.5994,False,0.0,2.0,0.0,0.667,False,790,979,14.252,openai,0.7,exp2
1,T37,structured_analysis,gpt-4o-mini,gpt-4o-mini,base_a,3,3,2,0.392,False,4,5,4,0.6369,False,1.0,2.0,2.0,1.667,False,900,1119,12.03,openai,0.7,exp2
1,T08,math_proof_verification,gpt-4o-mini,gpt-4o-mini,base_b,3,2,4,0.4359,False,4,5,4,0.6296,False,1.0,3.0,0.0,1.333,False,974,1536,10.939,openai,0.7,exp2
1,T09,math_proof_verification,gpt-4o-mini,gpt-4o-mini,base_b,4,4,5,0.6415,False,4,5,5,0.6909,False,0.0,1.0,0.0,0.333,False,857,1340,13.388,openai,0.7,exp2
1,T10,math_proof_verification,gpt-4o-mini,gpt-4o-mini,base_b,4,4,5,0.6341,False,5,5,4,0.6828,False,1.0,1.0,1.0,1.0,False,928,1374,13.64,openai,0.7,exp2
1,T11,math_proof_verification,gpt-4o-mini,gpt-4o-mini,base_b,4,4,5,0.6469,False,4,5,3,0.5972,False,0.0,1.0,2.0,1.0,False,810,1337,11.626,openai,0.7,exp2
1,T12,logical_validity,gpt-4o-mini,gpt-4o-mini,base_b,4,3,5,0.5922,False,4,5,4,0.6415,False,0.0,2.0,1.0,1.0,False,857,1331,30.354,openai,0.7,exp2
1,T13,logical_validity,gpt-4o-mini,gpt-4o-mini,base_b,4,4,5,0.6619,False,4,5,4,0.6619,False,0.0,1.0,1.0,0.667,False,696,1167,11.097,openai,0.7,exp2
1,T14,logical_validity,gpt-4o-mini,gpt-4o-mini,base_b,4,4,5,0.6338,False,4,5,5,0.6825,False,0.0,1.0,0.0,0.333,False,931,1395,16.146,openai,0.7,exp2
1,T15,statistical_reasoning,gpt-4o-mini,gpt-4o-mini,base_b,4,4,4,0.5822,False,4,4,5,0.6308,False,0.0,0.0,1.0,0.333,False,962,1453,14.312,openai,0.7,exp2
1,T16,statistical_reasoning,gpt-4o-mini,gpt-4o-mini,base_b,4,3,5,0.5975,False,5,5,5,0.7469,False,1.0,2.0,0.0,1.0,False,807,1331,12.777,openai,0.7,exp2
1,T17,statistical_reasoning,gpt-4o-mini,gpt-4o-mini,base_b,4,5,3,0.5808,False,4,5,4,0.6292,False,0.0,0.0,1.0,0.333,False,979,1436,13.742,openai,0.7,exp2
1,T18,code_debugging,gpt-4o-mini,gpt-4o-mini,base_b,4,4,5,0.6372,False,5,5,5,0.7353,False,1.0,1.0,0.0,0.667,False,897,1338,13.51,openai,0.7,exp2
1,T19,code_debugging,gpt-4o-mini,gpt-4o-mini,base_b,4,3,4,0.5349,False,4,5,4,0.6321,False,0.0,2.0,0.0,0.667,False,948,1381,14.618,openai,0.7,exp2
1,T20,code_debugging,gpt-4o-mini,gpt-4o-mini,base_b,4,2,5,0.5462,False,5,4,5,0.6952,False,1.0,2.0,0.0,1.0,False,822,1285,12.161,openai,0.7,exp2
1,T21,factual_calibration,gpt-4o-mini,gpt-4o-mini,base_b,4,3,2,0.4588,False,3,5,3,0.5608,False,1.0,2.0,1.0,1.333,False,690,1161,9.483,openai,0.7,exp2
1,T22,factual_calibration,gpt-4o-mini,gpt-4o-mini,base_b,4,4,2,0.4849,False,4,3,4,0.5334,False,0.0,1.0,2.0,1.0,False,966,1441,48.278,openai,0.7,exp2
1,T23,factual_calibration,gpt-4o-mini,gpt-4o-mini,base_b,4,3,2,0.3965,False,2,4,2,0.3524,False,2.0,1.0,0.0,1.0,False,1931,2363,35.115,openai,0.7,exp2
1,T24,causal_inference,gpt-4o-mini,gpt-4o-mini,base_b,3,4,2,0.4336,False,3,4,3,0.4818,False,0.0,0.0,1.0,0.333,False,1010,1444,16.272,openai,0.7,exp2
1,T25,causal_inference,gpt-4o-mini,gpt-4o-mini,base_b,4,2,4,0.5006,False,4,5,5,0.7008,False,0.0,3.0,1.0,1.333,False,779,1224,12.616,openai,0.7,exp2
1,T26,causal_inference,gpt-4o-mini,gpt-4o-mini,base_b,3,2,2,0.3444,False,4,2,3,0.4429,False,1.0,0.0,1.0,0.667,False,874,1289,10.515,openai,0.7,exp2
1,T27,mathematical_reasoning,gpt-4o-mini,gpt-4o-mini,base_b,4,3,5,0.5718,False,5,5,5,0.7147,False,1.0,2.0,0.0,1.0,False,1091,1520,14.845,openai,0.7,exp2
1,T28,mathematical_reasoning,gpt-4o-mini,gpt-4o-mini,base_b,4,3,4,0.5356,False,4,5,5,0.6817,False,0.0,2.0,1.0,1.0,False,939,1395,12.927,openai,0.7,exp2
1,T29,mathematical_reasoning,gpt-4o-mini,gpt-4o-mini,base_b,4,5,5,0.6552,False,5,5,5,0.702,False,1.0,0.0,0.0,0.333,False,1238,1663,17.557,openai,0.7,exp2
1,T30,scientific_reasoning,gpt-4o-mini,gpt-4o-mini,base_b,3,2,4,0.4441,False,5,5,5,0.7402,False,2.0,3.0,1.0,2.0,False,857,1259,14.491,openai,0.7,exp2
1,T31,scientific_reasoning,gpt-4o-mini,gpt-4o-mini,base_b,4,3,5,0.5971,False,5,5,4,0.6966,False,1.0,2.0,1.0,1.333,False,811,1253,18.971,openai,0.7,exp2
1,T32,scientific_reasoning,gpt-4o-mini,gpt-4o-mini,base_b,4,3,5,0.6019,False,4,5,5,0.7023,False,0.0,2.0,0.0,0.667,False,768,1207,12.887,openai,0.7,exp2
1,T33,epistemic_calibration,gpt-4o-mini,gpt-4o-mini,base_b,3,2,4,0.4405,False,4,5,3,0.5874,False,1.0,3.0,1.0,1.667,False,906,1368,16.175,openai,0.7,exp2
1,T34,epistemic_calibration,gpt-4o-mini,gpt-4o-mini,base_b,2,3,2,0.3125,False,4,5,3,0.5357,False,2.0,2.0,1.0,1.667,False,1749,2181,24.191,openai,0.7,exp2
1,T35,epistemic_calibration,gpt-4o-mini,gpt-4o-mini,base_b,3,4,2,0.4369,False,4,5,3,0.5826,False,1.0,1.0,1.0,1.0,False,958,1370,18.419,openai,0.7,exp2
1,T36,structured_analysis,gpt-4o-mini,gpt-4o-mini,base_b,4,3,2,0.4368,False,4,5,4,0.6309,False,0.0,2.0,2.0,1.333,False,960,1384,16.141,openai,0.7,exp2
1,T37,structured_analysis,gpt-4o-mini,gpt-4o-mini,base_b,4,4,2,0.4854,False,4,4,3,0.534,False,0.0,0.0,1.0,0.333,False,959,1413,9.9,openai,0.7,exp2
1,T08,math_proof_verification,qwen-7b,qwen2.5:7b,wlm_sl,2,4,3,0.4698,False,4,5,4,0.6787,False,2.0,1.0,1.0,1.333,False,592,1733,25.238,ollama,0.7,exp2
1,T09,math_proof_verification,qwen-7b,qwen2.5:7b,wlm_sl,3,4,3,0.5077,False,4,5,5,0.7108,False,1.0,1.0,2.0,1.333,False,709,1758,16.973,ollama,0.7,exp2
1,T10,math_proof_verification,qwen-7b,qwen2.5:7b,wlm_sl,4,5,5,0.7519,False,4,5,5,0.7519,False,0.0,0.0,0.0,0.0,True,495,1525,12.624,ollama,0.7,exp2
1,T11,math_proof_verification,qwen-7b,qwen2.5:7b,wlm_sl,2,4,2,0.4036,False,4,5,4,0.6558,False,2.0,1.0,2.0,1.667,False,740,1833,17.781,ollama,0.7,exp2
1,T12,logical_validity,qwen-7b,qwen2.5:7b,wlm_sl,3,2,4,0.4546,False,4,2,3,0.4546,False,1.0,0.0,1.0,0.667,False,734,1772,17.967,ollama,0.7,exp2
1,T13,logical_validity,qwen-7b,qwen2.5:7b,wlm_sl,2,2,3,0.3669,False,3,2,3,0.4193,False,1.0,0.0,0.0,0.333,False,577,1619,14.438,ollama,0.7,exp2
1,T14,logical_validity,qwen-7b,qwen2.5:7b,wlm_sl,3,4,3,0.5412,False,3,5,3,0.5953,False,0.0,1.0,0.0,0.333,False,472,1507,12.293,ollama,0.7,exp2
1,T15,statistical_reasoning,qwen-7b,qwen2.5:7b,wlm_sl,2,4,2,0.4117,False,4,5,4,0.669,False,2.0,1.0,2.0,1.667,False,649,1720,16.138,ollama,0.7,exp2
1,T16,statistical_reasoning,qwen-7b,qwen2.5:7b,wlm_sl,4,4,3,0.5777,False,4,5,5,0.7352,False,0.0,1.0,2.0,1.0,False,570,1724,14.186,ollama,0.7,exp2
1,T17,statistical_reasoning,qwen-7b,qwen2.5:7b,wlm_sl,4,3,5,0.6147,False,5,5,5,0.7684,False,1.0,2.0,0.0,1.0,False,669,1707,16.308,ollama,0.7,exp2
1,T18,code_debugging,qwen-7b,qwen2.5:7b,wlm_sl,3,2,4,0.4665,False,4,5,5,0.7256,False,1.0,3.0,1.0,1.667,False,620,1630,15.094,ollama,0.7,exp2
1,T19,code_debugging,qwen-7b,qwen2.5:7b,wlm_sl,2,3,2,0.3542,False,3,3,3,0.4554,False,1.0,0.0,1.0,0.667,False,725,1726,17.283,ollama,0.7,exp2
1,T20,code_debugging,qwen-7b,qwen2.5:7b,wlm_sl,3,2,2,0.3629,False,4,3,3,0.5184,False,1.0,1.0,1.0,1.0,False,619,1662,15.049,ollama,0.7,exp2
1,T21,factual_calibration,qwen-7b,qwen2.5:7b,wlm_sl,3,2,2,0.3481,False,4,4,3,0.547,False,1.0,2.0,1.0,1.333,False,814,1854,19.091,ollama,0.7,exp2
1,T22,factual_calibration,qwen-7b,qwen2.5:7b,wlm_sl,3,2,4,0.4556,False,4,5,3,0.6075,False,1.0,3.0,1.0,1.667,False,723,1765,17.276,ollama,0.7,exp2
1,T23,factual_calibration,qwen-7b,qwen2.5:7b,wlm_sl,1,4,1,0.3037,False,1,5,1,0.3543,False,0.0,1.0,0.0,0.333,False,724,1725,17.294,ollama,0.7,exp2
1,T24,causal_inference,qwen-7b,qwen2.5:7b,wlm_sl,3,4,4,0.5538,False,4,5,5,0.7048,False,1.0,1.0,1.0,1.0,False,750,1763,17.803,ollama,0.7,exp2
1,T25,causal_inference,qwen-7b,qwen2.5:7b,wlm_sl,3,4,4,0.5889,False,4,3,5,0.6424,False,1.0,1.0,1.0,1.0,False,505,1516,12.685,ollama,0.7,exp2
1,T26,causal_inference,qwen-7b,qwen2.5:7b,wlm_sl,4,4,5,0.6888,False,4,5,5,0.7417,False,0.0,1.0,0.0,0.333,False,539,1522,13.424,ollama,0.7,exp2
1,T27,mathematical_reasoning,qwen-7b,qwen2.5:7b,wlm_sl,2,5,2,0.4391,False,4,5,4,0.6343,False,2.0,0.0,2.0,1.333,False,926,1929,21.354,ollama,0.7,exp2
1,T28,mathematical_reasoning,qwen-7b,qwen2.5:7b,wlm_sl,3,4,4,0.5726,False,4,4,4,0.6247,False,1.0,0.0,0.0,0.333,False,603,1641,14.738,ollama,0.7,exp2
1,T29,mathematical_reasoning,qwen-7b,qwen2.5:7b,wlm_sl,4,1,4,0.4392,False,4,2,3,0.4392,False,0.0,1.0,1.0,0.667,False,925,1927,21.596,ollama,0.7,exp2
1,T30,scientific_reasoning,qwen-7b,qwen2.5:7b,wlm_sl,3,2,4,0.4698,False,4,3,3,0.522,False,1.0,1.0,1.0,1.0,False,592,1556,14.565,ollama,0.7,exp2
1,T31,scientific_reasoning,qwen-7b,qwen2.5:7b,wlm_sl,3,4,2,0.4881,False,4,5,4,0.705,False,1.0,1.0,2.0,1.333,False,466,1482,11.913,ollama,0.7,exp2
1,T32,scientific_reasoning,qwen-7b,qwen2.5:7b,wlm_sl,3,4,2,0.481,False,5,5,5,0.8017,False,2.0,1.0,3.0,2.0,False,510,1523,12.791,ollama,0.7,exp2
1,T33,epistemic_calibration,qwen-7b,qwen2.5:7b,wlm_sl,1,4,1,0.3131,False,1,5,1,0.3653,False,0.0,1.0,0.0,0.333,False,593,1623,14.512,ollama,0.7,exp2
1,T34,epistemic_calibration,qwen-7b,qwen2.5:7b,wlm_sl,2,3,3,0.4264,False,4,4,3,0.5863,False,2.0,1.0,0.0,1.0,False,519,1517,13.036,ollama,0.7,exp2
1,T35,epistemic_calibration,qwen-7b,qwen2.5:7b,wlm_sl,3,4,2,0.484,False,4,5,4,0.6991,False,1.0,1.0,2.0,1.333,False,491,1471,12.498,ollama,0.7,exp2
1,T36,structured_analysis,qwen-7b,qwen2.5:7b,wlm_sl,4,4,3,0.5694,False,4,5,4,0.6729,False,0.0,1.0,1.0,0.667,False,625,1619,15.16,ollama,0.7,exp2
1,T37,structured_analysis,qwen-7b,qwen2.5:7b,wlm_sl,3,5,3,0.5925,False,4,5,3,0.6464,False,1.0,0.0,0.0,0.333,False,486,1508,12.37,ollama,0.7,exp2
1,T08,math_proof_verification,qwen-7b,qwen2.5:7b,base_a,4,3,3,0.4821,False,4,3,4,0.5303,False,0.0,0.0,1.0,0.333,False,1006,1347,22.847,ollama,0.7,exp2
1,T09,math_proof_verification,qwen-7b,qwen2.5:7b,base_a,3,4,4,0.5428,False,4,5,5,0.6909,False,1.0,1.0,1.0,1.0,False,857,1106,19.743,ollama,0.7,exp2
1,T10,math_proof_verification,qwen-7b,qwen2.5:7b,base_a,4,4,5,0.6743,False,4,5,4,0.6743,False,0.0,1.0,1.0,0.667,False,617,847,14.825,ollama,0.7,exp2
1,T11,math_proof_verification,qwen-7b,qwen2.5:7b,base_a,4,3,3,0.5225,False,4,5,5,0.7314,False,0.0,2.0,2.0,1.333,False,589,882,14.289,ollama,0.7,exp2
1,T12,logical_validity,qwen-7b,qwen2.5:7b,base_a,4,3,4,0.5726,False,4,5,3,0.6247,False,0.0,2.0,1.0,1.0,False,603,841,14.583,ollama,0.7,exp2
1,T13,logical_validity,qwen-7b,qwen2.5:7b,base_a,4,4,5,0.6864,False,4,4,5,0.6864,False,0.0,0.0,0.0,0.0,True,551,793,13.559,ollama,0.7,exp2
1,T14,logical_validity,qwen-7b,qwen2.5:7b,base_a,4,2,4,0.4914,False,5,5,5,0.7371,False,1.0,3.0,1.0,1.667,False,882,1117,20.348,ollama,0.7,exp2
1,T15,statistical_reasoning,qwen-7b,qwen2.5:7b,base_a,4,3,4,0.5559,False,4,5,5,0.7075,False,0.0,2.0,1.0,1.0,False,731,1002,17.214,ollama,0.7,exp2
1,T16,statistical_reasoning,qwen-7b,qwen2.5:7b,base_a,4,4,3,0.5591,False,4,4,5,0.6608,False,0.0,0.0,2.0,0.667,False,704,1058,16.777,ollama,0.7,exp2
1,T17,statistical_reasoning,qwen-7b,qwen2.5:7b,base_a,4,3,5,0.6341,False,5,5,5,0.7926,False,1.0,2.0,0.0,1.0,False,548,786,13.439,ollama,0.7,exp2
1,T18,code_debugging,qwen-7b,qwen2.5:7b,base_a,4,2,5,0.5669,False,4,5,4,0.67,False,0.0,3.0,1.0,1.333,False,643,853,15.421,ollama,0.7,exp2
1,T19,code_debugging,qwen-7b,qwen2.5:7b,base_a,4,2,4,0.491,False,5,5,5,0.7365,False,1.0,3.0,1.0,1.667,False,887,1088,20.295,ollama,0.7,exp2
1,T20,code_debugging,qwen-7b,qwen2.5:7b,base_a,4,2,5,0.5696,False,4,5,5,0.7249,False,0.0,3.0,0.0,1.0,False,624,867,14.95,ollama,0.7,exp2
1,T21,factual_calibration,qwen-7b,qwen2.5:7b,base_a,4,2,2,0.3901,False,4,3,3,0.4877,False,0.0,1.0,1.0,0.667,False,929,1169,21.218,ollama,0.7,exp2
1,T22,factual_calibration,qwen-7b,qwen2.5:7b,base_a,4,3,5,0.6039,False,5,5,5,0.7548,False,1.0,2.0,0.0,1.0,False,752,994,17.637,ollama,0.7,exp2
1,T23,factual_calibration,qwen-7b,qwen2.5:7b,base_a,3,4,2,0.4416,False,4,5,3,0.5888,False,1.0,1.0,1.0,1.0,False,891,1092,20.314,ollama,0.7,exp2
1,T24,causal_inference,qwen-7b,qwen2.5:7b,base_a,4,4,5,0.6528,False,5,5,5,0.7532,False,1.0,1.0,0.0,0.667,False,763,976,17.828,ollama,0.7,exp2
1,T25,causal_inference,qwen-7b,qwen2.5:7b,base_a,4,2,4,0.5392,False,4,5,5,0.7549,False,0.0,3.0,1.0,1.333,False,483,694,12.104,ollama,0.7,exp2
1,T26,causal_inference,qwen-7b,qwen2.5:7b,base_a,4,3,5,0.6386,False,5,5,5,0.7983,False,1.0,2.0,0.0,1.0,False,524,707,12.968,ollama,0.7,exp2
1,T27,mathematical_reasoning,qwen-7b,qwen2.5:7b,base_a,2,1,2,0.2336,False,5,5,4,0.6542,False,3.0,4.0,2.0,3.0,False,1252,1455,27.569,ollama,0.7,exp2
1,T28,mathematical_reasoning,qwen-7b,qwen2.5:7b,base_a,4,2,4,0.4887,False,4,4,5,0.6353,False,0.0,2.0,1.0,1.0,False,916,1154,20.758,ollama,0.7,exp2
1,T29,mathematical_reasoning,qwen-7b,qwen2.5:7b,base_a,3,2,4,0.4485,False,5,5,5,0.7474,False,2.0,3.0,1.0,2.0,False,803,1005,18.45,ollama,0.7,exp2
1,T30,scientific_reasoning,qwen-7b,qwen2.5:7b,base_a,3,2,4,0.4963,False,3,3,4,0.5514,False,0.0,1.0,0.0,0.333,False,421,585,10.815,ollama,0.7,exp2
1,T31,scientific_reasoning,qwen-7b,qwen2.5:7b,base_a,4,3,5,0.6229,False,4,4,5,0.6748,False,0.0,1.0,0.0,0.333,False,614,830,14.745,ollama,0.7,exp2
1,T32,scientific_reasoning,qwen-7b,qwen2.5:7b,base_a,3,2,4,0.4705,False,4,2,4,0.5227,False,1.0,0.0,0.0,0.333,False,587,800,14.12,ollama,0.7,exp2
1,T33,epistemic_calibration,qwen-7b,qwen2.5:7b,base_a,3,4,4,0.5423,False,5,4,5,0.6902,False,2.0,0.0,1.0,1.0,False,863,1093,19.786,ollama,0.7,exp2
1,T34,epistemic_calibration,qwen-7b,qwen2.5:7b,base_a,4,3,4,0.5739,False,4,5,3,0.6261,False,0.0,2.0,1.0,1.0,False,594,792,14.337,ollama,0.7,exp2
1,T35,epistemic_calibration,qwen-7b,qwen2.5:7b,base_a,3,2,2,0.3434,False,4,5,3,0.5886,False,1.0,3.0,1.0,1.667,False,893,1073,20.327,ollama,0.7,exp2
1,T36,structured_analysis,qwen-7b,qwen2.5:7b,base_a,4,2,5,0.5528,False,4,5,5,0.7035,False,0.0,3.0,0.0,1.0,False,759,953,17.639,ollama,0.7,exp2
1,T37,structured_analysis,qwen-7b,qwen2.5:7b,base_a,3,2,4,0.4477,False,4,4,5,0.6467,False,1.0,2.0,1.0,1.333,False,812,1034,18.769,ollama,0.7,exp2
1,T08,math_proof_verification,qwen-7b,qwen2.5:7b,base_b,2,2,3,0.3353,False,4,4,4,0.5748,False,2.0,2.0,1.0,1.667,False,1051,1626,23.795,ollama,0.7,exp2
1,T09,math_proof_verification,qwen-7b,qwen2.5:7b,base_b,3,2,4,0.4303,False,4,5,4,0.6215,False,1.0,3.0,0.0,1.333,False,1066,1549,23.936,ollama,0.7,exp2
1,T10,math_proof_verification,qwen-7b,qwen2.5:7b,base_b,4,4,5,0.7026,False,5,5,5,0.8107,False,1.0,1.0,0.0,0.667,False,476,940,11.96,ollama,0.7,exp2
1,T11,math_proof_verification,qwen-7b,qwen2.5:7b,base_b,2,3,2,0.3527,False,5,5,4,0.7055,False,3.0,2.0,2.0,2.333,False,745,1272,17.368,ollama,0.7,exp2
1,T12,logical_validity,qwen-7b,qwen2.5:7b,base_b,3,2,4,0.4623,False,3,3,3,0.4623,False,0.0,1.0,1.0,0.667,False,657,1129,15.523,ollama,0.7,exp2
1,T13,logical_validity,qwen-7b,qwen2.5:7b,base_b,3,4,4,0.5602,False,4,5,4,0.662,False,1.0,1.0,0.0,0.667,False,695,1171,16.369,ollama,0.7,exp2
1,T14,logical_validity,qwen-7b,qwen2.5:7b,base_b,4,5,3,0.5625,False,5,5,4,0.6563,False,1.0,0.0,1.0,0.667,False,1224,1693,28.309,ollama,0.7,exp2
1,T15,statistical_reasoning,qwen-7b,qwen2.5:7b,base_b,4,4,4,0.586,False,3,5,3,0.5372,False,1.0,1.0,1.0,1.0,False,920,1425,21.249,ollama,0.7,exp2
1,T16,statistical_reasoning,qwen-7b,qwen2.5:7b,base_b,3,2,1,0.278,False,3,4,2,0.417,False,0.0,2.0,1.0,1.0,False,1330,1918,30.425,ollama,0.7,exp2
1,T17,statistical_reasoning,qwen-7b,qwen2.5:7b,base_b,4,3,4,0.5293,False,5,4,4,0.6255,False,1.0,1.0,0.0,0.667,False,1019,1491,23.187,ollama,0.7,exp2
1,T18,code_debugging,qwen-7b,qwen2.5:7b,base_b,3,2,4,0.4409,False,4,5,4,0.6368,False,1.0,3.0,0.0,1.333,False,901,1345,20.927,ollama,0.7,exp2
1,T19,code_debugging,qwen-7b,qwen2.5:7b,base_b,4,3,2,0.44,False,3,5,4,0.5867,False,1.0,2.0,2.0,1.667,False,913,1348,21.368,ollama,0.7,exp2
1,T20,code_debugging,qwen-7b,qwen2.5:7b,base_b,4,2,3,0.4395,False,3,3,3,0.4395,False,1.0,1.0,0.0,0.667,False,921,1398,21.304,ollama,0.7,exp2
1,T21,factual_calibration,qwen-7b,qwen2.5:7b,base_b,4,4,2,0.4628,False,3,3,3,0.4165,False,1.0,1.0,1.0,1.0,False,1342,1816,30.531,ollama,0.7,exp2
1,T22,factual_calibration,qwen-7b,qwen2.5:7b,base_b,4,2,2,0.3953,False,3,4,3,0.4942,False,1.0,2.0,1.0,1.333,False,849,1325,19.743,ollama,0.7,exp2
1,T23,factual_calibration,qwen-7b,qwen2.5:7b,base_b,2,2,1,0.22,False,4,5,3,0.528,False,2.0,3.0,2.0,2.333,False,1948,2383,43.085,ollama,0.7,exp2
1,T24,causal_inference,qwen-7b,qwen2.5:7b,base_b,2,2,2,0.2853,False,3,4,4,0.5231,False,1.0,2.0,2.0,1.667,False,1106,1553,25.538,ollama,0.7,exp2
1,T25,causal_inference,qwen-7b,qwen2.5:7b,base_b,4,3,3,0.5035,False,3,4,4,0.5539,False,1.0,1.0,1.0,1.0,False,749,1194,17.737,ollama,0.7,exp2
1,T26,causal_inference,qwen-7b,qwen2.5:7b,base_b,3,3,4,0.4957,False,3,2,3,0.3966,False,0.0,1.0,1.0,0.667,False,831,1248,19.538,ollama,0.7,exp2
1,T27,mathematical_reasoning,qwen-7b,qwen2.5:7b,base_b,2,3,2,0.3179,False,4,5,3,0.5449,False,2.0,2.0,1.0,1.667,False,1540,1977,34.975,ollama,0.7,exp2
1,T28,mathematical_reasoning,qwen-7b,qwen2.5:7b,base_b,3,2,4,0.4236,False,4,5,4,0.6118,False,1.0,3.0,0.0,1.333,False,1190,1662,27.11,ollama,0.7,exp2
1,T29,mathematical_reasoning,qwen-7b,qwen2.5:7b,base_b,4,5,4,0.6048,False,3,5,4,0.5582,False,1.0,0.0,0.0,0.333,False,1293,1729,29.026,ollama,0.7,exp2
1,T30,scientific_reasoning,qwen-7b,qwen2.5:7b,base_b,3,2,4,0.442,False,3,3,3,0.442,False,0.0,1.0,1.0,0.667,False,886,1284,20.517,ollama,0.7,exp2
1,T31,scientific_reasoning,qwen-7b,qwen2.5:7b,base_b,3,4,2,0.4287,False,4,4,4,0.5716,False,1.0,0.0,2.0,1.0,False,1093,1543,24.818,ollama,0.7,exp2
1,T32,scientific_reasoning,qwen-7b,qwen2.5:7b,base_b,2,2,2,0.2831,False,3,2,3,0.3775,False,1.0,0.0,1.0,0.667,False,1168,1615,26.458,ollama,0.7,exp2
1,T33,epistemic_calibration,qwen-7b,qwen2.5:7b,base_b,3,2,4,0.4545,False,4,5,3,0.6059,False,1.0,3.0,1.0,1.667,False,735,1199,17.436,ollama,0.7,exp2
1,T34,epistemic_calibration,qwen-7b,qwen2.5:7b,base_b,3,2,4,0.4451,False,4,4,3,0.5441,False,1.0,2.0,1.0,1.333,False,844,1276,19.731,ollama,0.7,exp2
1,T35,epistemic_calibration,qwen-7b,qwen2.5:7b,base_b,3,2,4,0.4417,False,4,5,4,0.6381,False,1.0,3.0,0.0,1.333,False,889,1303,20.623,ollama,0.7,exp2
1,T36,structured_analysis,qwen-7b,qwen2.5:7b,base_b,2,2,3,0.3481,False,4,5,4,0.6465,False,2.0,3.0,1.0,2.0,False,814,1242,19.056,ollama,0.7,exp2
1,T37,structured_analysis,qwen-7b,qwen2.5:7b,base_b,3,4,4,0.5404,False,4,5,4,0.6386,False,1.0,1.0,0.0,0.667,False,884,1340,20.408,ollama,0.7,exp2
1,T08,math_proof_verification,gemma-4b,gemma3:4b,wlm_sl,2,3,2,0.3264,False,4,5,2,0.5129,False,2.0,2.0,0.0,1.333,False,1271,2314,17.425,ollama,0.7,exp2
1,T09,math_proof_verification,gemma-4b,gemma3:4b,wlm_sl,1,5,1,0.3456,False,1,3,1,0.2469,False,0.0,2.0,0.0,0.667,False,854,1806,10.142,ollama,0.7,exp2
1,T10,math_proof_verification,gemma-4b,gemma3:4b,wlm_sl,2,4,1,0.3584,False,3,5,3,0.5632,False,1.0,1.0,2.0,1.333,False,671,1604,8.545,ollama,0.7,exp2
1,T11,math_proof_verification,gemma-4b,gemma3:4b,wlm_sl,4,5,5,0.7038,False,4,4,3,0.553,False,0.0,1.0,2.0,1.0,False,757,1764,9.317,ollama,0.7,exp2
1,T12,logical_validity,gemma-4b,gemma3:4b,wlm_sl,1,5,1,0.3562,False,1,3,2,0.3053,False,0.0,2.0,1.0,1.0,False,699,1643,8.828,ollama,0.7,exp2
1,T13,logical_validity,gemma-4b,gemma3:4b,wlm_sl,2,2,2,0.2942,False,3,2,3,0.3923,False,1.0,0.0,1.0,0.667,False,895,1836,10.551,ollama,0.7,exp2
1,T14,logical_validity,gemma-4b,gemma3:4b,wlm_sl,1,3,1,0.2411,False,1,2,1,0.1929,False,0.0,1.0,0.0,0.333,False,1004,1938,11.359,ollama,0.7,exp2
1,T15,statistical_reasoning,gemma-4b,gemma3:4b,wlm_sl,3,2,4,0.4562,False,4,3,4,0.5575,False,1.0,1.0,0.0,0.667,False,717,1676,8.865,ollama,0.7,exp2
1,T16,statistical_reasoning,gemma-4b,gemma3:4b,wlm_sl,2,2,2,0.3064,False,3,2,2,0.3575,False,1.0,0.0,0.0,0.333,False,682,1746,8.633,ollama,0.7,exp2
1,T17,statistical_reasoning,gemma-4b,gemma3:4b,wlm_sl,1,4,1,0.2955,False,2,3,2,0.3448,False,1.0,1.0,1.0,1.0,False,868,1818,10.428,ollama,0.7,exp2
1,T18,code_debugging,gemma-4b,gemma3:4b,wlm_sl,1,2,1,0.1912,False,3,3,2,0.3823,False,2.0,1.0,1.0,1.333,False,1068,1992,12.001,ollama,0.7,exp2
1,T19,code_debugging,gemma-4b,gemma3:4b,wlm_sl,4,3,5,0.5693,False,5,5,5,0.7116,False,1.0,2.0,0.0,1.0,False,1125,2056,12.516,ollama,0.7,exp2
1,T20,code_debugging,gemma-4b,gemma3:4b,wlm_sl,2,2,1,0.2357,False,2,1,2,0.2357,False,0.0,1.0,1.0,0.667,False,1178,2129,13.083,ollama,0.7,exp2
1,T21,factual_calibration,gemma-4b,gemma3:4b,wlm_sl,1,4,1,0.2838,False,1,5,1,0.331,False,0.0,1.0,0.0,0.333,False,1150,2095,12.72,ollama,0.7,exp2
1,T22,factual_calibration,gemma-4b,gemma3:4b,wlm_sl,4,2,2,0.3847,False,3,4,3,0.4808,False,1.0,2.0,1.0,1.333,False,1024,1965,11.646,ollama,0.7,exp2
1,T23,factual_calibration,gemma-4b,gemma3:4b,wlm_sl,1,4,1,0.2844,False,1,3,1,0.237,False,0.0,1.0,0.0,0.333,False,1131,2035,12.569,ollama,0.7,exp2
1,T24,causal_inference,gemma-4b,gemma3:4b,wlm_sl,1,1,1,0.1507,False,2,2,1,0.2511,False,1.0,1.0,0.0,0.667,False,762,1670,9.376,ollama,0.7,exp2
1,T25,causal_inference,gemma-4b,gemma3:4b,wlm_sl,2,1,2,0.269,False,3,3,3,0.4841,False,1.0,2.0,1.0,1.333,False,490,1403,6.936,ollama,0.7,exp2
1,T26,causal_inference,gemma-4b,gemma3:4b,wlm_sl,1,4,1,0.3057,False,1,3,1,0.2547,False,0.0,1.0,0.0,0.333,False,693,1577,8.635,ollama,0.7,exp2
1,T27,mathematical_reasoning,gemma-4b,gemma3:4b,wlm_sl,2,4,1,0.3159,False,3,4,1,0.3611,False,1.0,0.0,0.0,0.333,False,1612,2518,16.85,ollama,0.7,exp2
1,T28,mathematical_reasoning,gemma-4b,gemma3:4b,wlm_sl,1,1,1,0.1448,False,1,1,1,0.1448,False,0.0,0.0,0.0,0.0,True,999,1933,11.428,ollama,0.7,exp2
1,T29,mathematical_reasoning,gemma-4b,gemma3:4b,wlm_sl,1,3,1,0.236,False,1,3,2,0.2832,False,0.0,0.0,1.0,0.333,False,1166,2064,12.864,ollama,0.7,exp2
1,T30,scientific_reasoning,gemma-4b,gemma3:4b,wlm_sl,1,3,1,0.2536,False,1,2,1,0.2029,False,0.0,1.0,0.0,0.333,False,714,1576,8.784,ollama,0.7,exp2
1,T31,scientific_reasoning,gemma-4b,gemma3:4b,wlm_sl,4,3,4,0.5777,False,4,5,4,0.6827,False,0.0,2.0,0.0,0.667,False,570,1482,7.506,ollama,0.7,exp2
1,T32,scientific_reasoning,gemma-4b,gemma3:4b,wlm_sl,3,2,2,0.3665,False,4,5,5,0.733,False,1.0,3.0,3.0,2.333,False,581,1491,7.673,ollama,0.7,exp2
1,T33,epistemic_calibration,gemma-4b,gemma3:4b,wlm_sl,1,2,1,0.1952,False,1,2,1,0.1952,False,0.0,0.0,0.0,0.0,True,926,1856,10.7,ollama,0.7,exp2
1,T34,epistemic_calibration,gemma-4b,gemma3:4b,wlm_sl,1,4,1,0.3088,False,1,4,1,0.3088,False,0.0,0.0,0.0,0.0,True,649,1552,8.234,ollama,0.7,exp2
1,T35,epistemic_calibration,gemma-4b,gemma3:4b,wlm_sl,4,4,3,0.5364,False,4,4,5,0.634,False,0.0,0.0,2.0,0.667,False,929,1800,10.782,ollama,0.7,exp2
1,T36,structured_analysis,gemma-4b,gemma3:4b,wlm_sl,4,4,5,0.6474,False,4,5,4,0.6474,False,0.0,1.0,1.0,0.667,False,806,1699,9.637,ollama,0.7,exp2
1,T37,structured_analysis,gemma-4b,gemma3:4b,wlm_sl,2,4,1,0.342,False,1,5,1,0.342,False,1.0,1.0,0.0,0.667,False,918,1839,10.775,ollama,0.7,exp2
1,T08,math_proof_verification,gemma-4b,gemma3:4b,base_a,3,2,4,0.4334,False,4,4,3,0.5297,False,1.0,2.0,1.0,1.333,False,1014,1359,11.331,ollama,0.7,exp2
1,T09,math_proof_verification,gemma-4b,gemma3:4b,base_a,3,4,4,0.5436,False,4,5,5,0.6918,False,1.0,1.0,1.0,1.0,False,849,1103,9.846,ollama,0.7,exp2
1,T10,math_proof_verification,gemma-4b,gemma3:4b,base_a,3,4,4,0.527,False,3,4,3,0.4791,False,0.0,0.0,1.0,0.333,False,1050,1285,11.745,ollama,0.7,exp2
1,T11,math_proof_verification,gemma-4b,gemma3:4b,base_a,2,2,3,0.3524,False,5,5,3,0.6544,False,3.0,3.0,0.0,2.0,False,750,1059,8.992,ollama,0.7,exp2
1,T12,logical_validity,gemma-4b,gemma3:4b,base_a,4,2,4,0.5038,False,3,3,2,0.4031,False,1.0,1.0,2.0,1.333,False,746,992,8.886,ollama,0.7,exp2
1,T13,logical_validity,gemma-4b,gemma3:4b,base_a,3,4,2,0.4377,False,4,3,3,0.4864,False,1.0,1.0,1.0,1.0,False,946,1189,10.685,ollama,0.7,exp2
1,T14,logical_validity,gemma-4b,gemma3:4b,base_a,4,3,4,0.5314,False,4,4,5,0.628,False,0.0,1.0,1.0,0.667,False,991,1227,11.139,ollama,0.7,exp2
1,T15,statistical_reasoning,gemma-4b,gemma3:4b,base_a,4,3,3,0.4735,False,4,4,4,0.5682,False,0.0,1.0,1.0,0.667,False,1140,1401,12.425,ollama,0.7,exp2
1,T16,statistical_reasoning,gemma-4b,gemma3:4b,base_a,2,1,2,0.2343,False,3,3,3,0.4218,False,1.0,2.0,1.0,1.333,False,1226,1592,13.221,ollama,0.7,exp2
1,T17,statistical_reasoning,gemma-4b,gemma3:4b,base_a,3,2,2,0.3289,False,3,2,3,0.3759,False,0.0,0.0,1.0,0.333,False,1203,1455,13.05,ollama,0.7,exp2
1,T18,code_debugging,gemma-4b,gemma3:4b,base_a,4,2,5,0.5241,False,3,3,4,0.4764,False,1.0,1.0,1.0,1.0,False,1092,1318,11.987,ollama,0.7,exp2
1,T19,code_debugging,gemma-4b,gemma3:4b,base_a,4,3,4,0.5171,False,4,5,4,0.6111,False,0.0,2.0,0.0,0.667,False,1200,1433,13.006,ollama,0.7,exp2
1,T20,code_debugging,gemma-4b,gemma3:4b,base_a,3,2,4,0.4242,False,3,3,2,0.3771,False,0.0,1.0,2.0,1.0,False,1177,1430,12.74,ollama,0.7,exp2
1,T21,factual_calibration,gemma-4b,gemma3:4b,base_a,2,3,2,0.3261,False,4,4,3,0.5124,False,2.0,1.0,1.0,1.333,False,1280,1527,13.704,ollama,0.7,exp2
1,T22,factual_calibration,gemma-4b,gemma3:4b,base_a,3,2,2,0.3309,False,3,2,2,0.3309,False,0.0,0.0,0.0,0.0,True,1153,1396,12.557,ollama,0.7,exp2
1,T23,factual_calibration,gemma-4b,gemma3:4b,base_a,3,4,2,0.4074,False,4,5,3,0.5431,False,1.0,1.0,1.0,1.0,False,1578,1784,16.339,ollama,0.7,exp2
1,T24,causal_inference,gemma-4b,gemma3:4b,base_a,3,4,2,0.4235,False,4,4,4,0.5646,False,1.0,0.0,2.0,1.0,False,1192,1402,12.878,ollama,0.7,exp2
1,T25,causal_inference,gemma-4b,gemma3:4b,base_a,3,2,2,0.3574,False,3,2,3,0.4084,False,0.0,0.0,1.0,0.333,False,684,899,8.359,ollama,0.7,exp2
1,T26,causal_inference,gemma-4b,gemma3:4b,base_a,2,3,2,0.3307,False,4,5,3,0.5669,False,2.0,2.0,1.0,1.667,False,1158,1344,12.601,ollama,0.7,exp2
1,T27,mathematical_reasoning,gemma-4b,gemma3:4b,base_a,4,3,2,0.405,False,4,5,3,0.54,False,0.0,2.0,1.0,1.0,False,1648,1856,17.015,ollama,0.7,exp2
1,T28,mathematical_reasoning,gemma-4b,gemma3:4b,base_a,3,2,2,0.325,False,3,2,3,0.3714,False,0.0,0.0,1.0,0.333,False,1311,1547,13.992,ollama,0.7,exp2
1,T29,mathematical_reasoning,gemma-4b,gemma3:4b,base_a,3,2,4,0.414,False,4,4,5,0.5981,False,1.0,2.0,1.0,1.333,False,1401,1601,14.822,ollama,0.7,exp2
1,T30,scientific_reasoning,gemma-4b,gemma3:4b,base_a,4,3,4,0.542,False,4,4,5,0.6405,False,0.0,1.0,1.0,0.667,False,866,1030,9.949,ollama,0.7,exp2
1,T31,scientific_reasoning,gemma-4b,gemma3:4b,base_a,4,3,2,0.4345,False,4,5,4,0.6276,False,0.0,2.0,2.0,1.333,False,996,1210,11.228,ollama,0.7,exp2
1,T32,scientific_reasoning,gemma-4b,gemma3:4b,base_a,3,4,2,0.431,False,4,5,4,0.6226,False,1.0,1.0,2.0,1.333,False,1053,1265,11.607,ollama,0.7,exp2
1,T33,epistemic_calibration,gemma-4b,gemma3:4b,base_a,3,4,2,0.4196,False,3,4,4,0.5129,False,0.0,0.0,2.0,0.667,False,1272,1504,13.652,ollama,0.7,exp2
1,T34,epistemic_calibration,gemma-4b,gemma3:4b,base_a,2,2,1,0.2308,False,4,5,4,0.6,False,2.0,3.0,3.0,2.667,False,1368,1573,14.466,ollama,0.7,exp2
1,T35,epistemic_calibration,gemma-4b,gemma3:4b,base_a,3,4,2,0.4137,False,4,5,4,0.5975,False,1.0,1.0,2.0,1.333,False,1410,1583,14.838,ollama,0.7,exp2
1,T36,structured_analysis,gemma-4b,gemma3:4b,base_a,2,2,2,0.2704,False,4,3,3,0.4507,False,2.0,1.0,1.0,1.333,False,1629,1824,17.031,ollama,0.7,exp2
1,T37,structured_analysis,gemma-4b,gemma3:4b,base_a,4,3,2,0.4184,False,4,5,4,0.6044,False,0.0,2.0,2.0,1.333,False,1299,1522,13.989,ollama,0.7,exp2
1,T08,math_proof_verification,gemma-4b,gemma3:4b,base_b,3,2,3,0.3825,False,4,4,4,0.5738,False,1.0,2.0,1.0,1.333,False,1065,1655,12.012,ollama,0.7,exp2
1,T09,math_proof_verification,gemma-4b,gemma3:4b,base_b,4,4,4,0.5778,False,3,5,3,0.5297,False,1.0,1.0,1.0,1.0,False,1014,1513,11.436,ollama,0.7,exp2
1,T10,math_proof_verification,gemma-4b,gemma3:4b,base_b,2,3,3,0.3983,False,3,4,4,0.5476,False,1.0,1.0,1.0,1.0,False,808,1288,9.51,ollama,0.7,exp2
1,T11,math_proof_verification,gemma-4b,gemma3:4b,base_b,3,2,2,0.3418,False,3,2,2,0.3418,False,0.0,0.0,0.0,0.0,True,921,1475,10.58,ollama,0.7,exp2
1,T12,logical_validity,gemma-4b,gemma3:4b,base_b,4,4,5,0.6254,False,3,3,2,0.3849,False,1.0,1.0,3.0,1.667,False,1020,1511,11.483,ollama,0.7,exp2
1,T13,logical_validity,gemma-4b,gemma3:4b,base_b,2,3,2,0.3419,False,3,3,3,0.4395,False,1.0,0.0,1.0,0.667,False,920,1408,10.615,ollama,0.7,exp2
1,T14,logical_validity,gemma-4b,gemma3:4b,base_b,4,4,5,0.6447,False,4,5,4,0.6447,False,0.0,1.0,1.0,0.667,False,829,1310,9.751,ollama,0.7,exp2
1,T15,statistical_reasoning,gemma-4b,gemma3:4b,base_b,2,3,2,0.3279,False,4,4,3,0.5152,False,2.0,1.0,1.0,1.333,False,1231,1737,13.345,ollama,0.7,exp2
1,T16,statistical_reasoning,gemma-4b,gemma3:4b,base_b,3,4,2,0.4266,False,4,5,4,0.6162,False,1.0,1.0,2.0,1.333,False,1132,1743,12.517,ollama,0.7,exp2
1,T17,statistical_reasoning,gemma-4b,gemma3:4b,base_b,3,4,2,0.4218,False,4,5,3,0.5623,False,1.0,1.0,1.0,1.0,False,1227,1724,13.291,ollama,0.7,exp2
1,T18,code_debugging,gemma-4b,gemma3:4b,base_b,4,3,4,0.5274,False,4,4,5,0.6233,False,0.0,1.0,1.0,0.667,False,1045,1516,11.734,ollama,0.7,exp2
1,T19,code_debugging,gemma-4b,gemma3:4b,base_b,3,2,3,0.3762,False,3,4,3,0.4702,False,0.0,2.0,0.0,0.667,False,1198,1676,13.061,ollama,0.7,exp2
1,T20,code_debugging,gemma-4b,gemma3:4b,base_b,4,2,3,0.4409,False,4,5,4,0.6368,False,0.0,3.0,1.0,1.333,False,901,1399,10.416,ollama,0.7,exp2
1,T21,factual_calibration,gemma-4b,gemma3:4b,base_b,2,4,1,0.306,False,4,4,3,0.4809,False,2.0,0.0,2.0,1.333,False,2048,2540,20.719,ollama,0.7,exp2
1,T22,factual_calibration,gemma-4b,gemma3:4b,base_b,2,2,1,0.2293,False,3,3,3,0.4127,False,1.0,1.0,2.0,1.333,False,1434,1922,15.167,ollama,0.7,exp2
1,T23,factual_calibration,gemma-4b,gemma3:4b,base_b,2,1,1,0.183,False,4,3,3,0.4575,False,2.0,2.0,2.0,2.0,False,1459,1910,15.326,ollama,0.7,exp2
1,T24,causal_inference,gemma-4b,gemma3:4b,base_b,2,3,1,0.2754,False,3,4,3,0.459,False,1.0,1.0,2.0,1.333,False,1424,1879,15.165,ollama,0.7,exp2
1,T25,causal_inference,gemma-4b,gemma3:4b,base_b,3,2,2,0.341,False,3,2,3,0.3897,False,0.0,0.0,1.0,0.333,False,936,1396,10.771,ollama,0.7,exp2
1,T26,causal_inference,gemma-4b,gemma3:4b,base_b,2,3,2,0.3381,False,4,4,3,0.5313,False,2.0,1.0,1.0,1.333,False,992,1423,11.185,ollama,0.7,exp2
1,T27,mathematical_reasoning,gemma-4b,gemma3:4b,base_b,2,3,2,0.3142,False,3,3,3,0.4039,False,1.0,0.0,1.0,0.667,False,1680,2133,17.402,ollama,0.7,exp2
1,T28,mathematical_reasoning,gemma-4b,gemma3:4b,base_b,3,4,2,0.419,False,4,4,3,0.5122,False,1.0,0.0,1.0,0.667,False,1285,1766,13.818,ollama,0.7,exp2
1,T29,mathematical_reasoning,gemma-4b,gemma3:4b,base_b,4,2,5,0.511,False,4,5,5,0.6504,False,0.0,3.0,0.0,1.0,False,1306,1751,13.968,ollama,0.7,exp2
1,T30,scientific_reasoning,gemma-4b,gemma3:4b,base_b,4,3,4,0.5311,False,3,4,3,0.4828,False,1.0,1.0,1.0,1.0,False,995,1404,11.253,ollama,0.7,exp2
1,T31,scientific_reasoning,gemma-4b,gemma3:4b,base_b,3,4,2,0.4383,False,4,5,3,0.5844,False,1.0,1.0,1.0,1.0,False,938,1397,10.813,ollama,0.7,exp2
1,T32,scientific_reasoning,gemma-4b,gemma3:4b,base_b,3,2,2,0.3431,False,4,3,3,0.4901,False,1.0,1.0,1.0,1.0,False,898,1355,10.364,ollama,0.7,exp2
1,T33,epistemic_calibration,gemma-4b,gemma3:4b,base_b,2,1,1,0.1805,False,3,2,2,0.3158,False,1.0,1.0,1.0,1.0,False,1615,2092,16.779,ollama,0.7,exp2
1,T34,epistemic_calibration,gemma-4b,gemma3:4b,base_b,3,2,2,0.3291,False,4,5,3,0.5642,False,1.0,3.0,1.0,1.667,False,1199,1649,13.021,ollama,0.7,exp2
1,T35,epistemic_calibration,gemma-4b,gemma3:4b,base_b,3,4,2,0.4283,False,4,5,3,0.5711,False,1.0,1.0,1.0,1.0,False,1100,1518,12.238,ollama,0.7,exp2
1,T36,structured_analysis,gemma-4b,gemma3:4b,base_b,3,2,2,0.3343,False,4,4,3,0.5254,False,1.0,2.0,1.0,1.333,False,1073,1513,11.922,ollama,0.7,exp2
1,T37,structured_analysis,gemma-4b,gemma3:4b,base_b,4,3,2,0.4179,False,4,4,4,0.5572,False,0.0,1.0,2.0,1.0,False,1311,1779,14.62,ollama,0.7,exp2
