run_id,experiment,task_id,task_type,model_key,model_id,prompt_key,claude_structure,claude_hallucination,claude_completeness,claude_token_efficiency,claude_parse_error,gpt4o_structure,gpt4o_hallucination,gpt4o_completeness,gpt4o_token_efficiency,gpt4o_parse_error,agreement_structure_diff,agreement_hallucination_diff,agreement_completeness_diff,agreement_mean_diff,agreement_exact_match,output_tokens,total_tokens,latency_s,api,temperature
1,exp1,T01,structure_coherence,gemini-pro,gemini-2.5-flash,wlm_json,4,5,5,0.6069,False,5,5,5,0.6503,False,1.0,0.0,0.0,0.333,False,2183,3246,12.468,gemini,0.7
1,exp1,T02,offset_reasoning,gemini-pro,gemini-2.5-flash,wlm_json,4,5,3,0.5305,False,5,5,4,0.6189,False,1.0,0.0,1.0,0.667,False,1881,2938,10.785,gemini,0.7
1,exp1,T03,constant_emergence,gemini-pro,gemini-2.5-flash,wlm_json,4,5,4,0.5434,False,4,5,4,0.5434,False,0.0,0.0,0.0,0.0,True,2905,4012,15.219,gemini,0.7
1,exp1,T04,cross_domain_mapping,gemini-pro,gemini-2.5-flash,wlm_json,4,5,4,0.5788,False,4,5,4,0.5788,False,0.0,0.0,0.0,0.0,True,1783,2982,9.863,gemini,0.7
1,exp1,T05,hallucination_suppression,gemini-pro,gemini-2.5-flash,wlm_json,4,5,4,0.5956,False,3,5,3,0.5039,False,1.0,0.0,1.0,0.667,False,1444,2525,8.757,gemini,0.7
1,exp1,T06,math_proof_verification,gemini-pro,gemini-2.5-flash,wlm_json,2,4,2,0.3507,False,3,5,2,0.4383,False,1.0,1.0,0.0,0.667,False,2006,3275,11.614,gemini,0.7
1,exp1,T07,causal_inference,gemini-pro,gemini-2.5-flash,wlm_json,4,5,4,0.5486,False,5,5,4,0.5908,False,1.0,0.0,0.0,0.333,False,2693,3835,13.7,gemini,0.7
1,exp1,T01,structure_coherence,gemini-pro,gemini-2.5-flash,wlm_sl,4,5,5,0.6349,False,5,5,5,0.6802,False,1.0,0.0,0.0,0.333,False,1556,2431,8.641,gemini,0.7
1,exp1,T02,offset_reasoning,gemini-pro,gemini-2.5-flash,wlm_sl,4,4,3,0.5275,False,5,5,5,0.7193,False,1.0,1.0,2.0,1.333,False,1043,1912,7.19,gemini,0.7
1,exp1,T03,constant_emergence,gemini-pro,gemini-2.5-flash,wlm_sl,4,4,4,0.5386,False,4,5,5,0.6284,False,0.0,1.0,1.0,0.667,False,1679,2598,8.645,gemini,0.7
1,exp1,T04,cross_domain_mapping,gemini-pro,gemini-2.5-flash,wlm_sl,4,5,5,0.6662,False,5,5,5,0.7138,False,1.0,0.0,0.0,0.333,False,1101,2112,7.242,gemini,0.7
1,exp1,T05,hallucination_suppression,gemini-pro,gemini-2.5-flash,wlm_sl,4,5,4,0.6542,False,5,5,5,0.7548,False,1.0,0.0,1.0,0.667,False,752,1645,7.056,gemini,0.7
1,exp1,T06,math_proof_verification,gemini-pro,gemini-2.5-flash,wlm_sl,4,4,5,0.6178,False,4,4,3,0.5228,False,0.0,0.0,2.0,0.667,False,1111,2192,6.7,gemini,0.7
1,exp1,T07,causal_inference,gemini-pro,gemini-2.5-flash,wlm_sl,4,5,5,0.657,False,5,5,5,0.704,False,1.0,0.0,0.0,0.333,False,1214,2168,7.287,gemini,0.7
1,exp1,T01,structure_coherence,gemini-pro,gemini-2.5-flash,wlm_hybrid_v2,4,5,5,0.6782,False,5,5,5,0.7266,False,1.0,0.0,0.0,0.333,False,973,2563,7.071,gemini,0.7
1,exp1,T02,offset_reasoning,gemini-pro,gemini-2.5-flash,wlm_hybrid_v2,3,4,2,0.4112,False,4,5,3,0.5483,False,1.0,1.0,1.0,1.0,False,1472,3361,9.267,gemini,0.7
1,exp1,T03,constant_emergence,gemini-pro,gemini-2.5-flash,wlm_hybrid_v2,3,4,2,0.3372,False,4,5,3,0.4496,False,1.0,1.0,1.0,1.0,False,7312,9268,34.508,gemini,0.7
1,exp1,T04,cross_domain_mapping,gemini-pro,gemini-2.5-flash,wlm_hybrid_v2,4,5,2,0.4996,False,4,5,3,0.545,False,0.0,0.0,1.0,0.333,False,1539,3543,10.726,gemini,0.7
1,exp1,T05,hallucination_suppression,gemini-pro,gemini-2.5-flash,wlm_hybrid_v2,3,2,2,0.3324,False,3,1,2,0.2849,False,0.0,1.0,0.0,0.333,False,1118,3028,7.463,gemini,0.7
1,exp1,T06,math_proof_verification,gemini-pro,gemini-2.5-flash,wlm_hybrid_v2,4,5,3,0.5482,False,4,3,3,0.4568,False,0.0,2.0,0.0,0.667,False,1475,3437,8.864,gemini,0.7
1,exp1,T07,causal_inference,gemini-pro,gemini-2.5-flash,wlm_hybrid_v2,2,4,2,0.3569,False,4,5,3,0.5353,False,2.0,1.0,1.0,1.333,False,1757,3715,10.389,gemini,0.7
1,exp1,T01,structure_coherence,gemini-pro,gemini-2.5-flash,base_a,4,5,3,0.5322,False,4,5,4,0.5765,False,0.0,0.0,1.0,0.333,False,1837,2014,10.502,gemini,0.7
1,exp1,T02,offset_reasoning,gemini-pro,gemini-2.5-flash,base_a,3,2,2,0.3091,False,4,5,3,0.5299,False,1.0,3.0,1.0,1.667,False,1898,2069,10.86,gemini,0.7
1,exp1,T03,constant_emergence,gemini-pro,gemini-2.5-flash,base_a,3,2,1,0.2403,False,4,5,3,0.4806,False,1.0,3.0,2.0,2.0,False,4116,4337,22.407,gemini,0.7
1,exp1,T04,cross_domain_mapping,gemini-pro,gemini-2.5-flash,base_a,4,5,5,0.7038,False,5,5,5,0.7541,False,1.0,0.0,0.0,0.333,False,757,1070,5.747,gemini,0.7
1,exp1,T05,hallucination_suppression,gemini-pro,gemini-2.5-flash,base_a,2,2,2,0.2891,False,4,4,3,0.53,False,2.0,2.0,1.0,1.667,False,1010,1205,7.814,gemini,0.7
1,exp1,T06,math_proof_verification,gemini-pro,gemini-2.5-flash,base_a,3,4,2,0.3882,False,3,5,4,0.5176,False,0.0,1.0,2.0,1.0,False,2271,2654,11.377,gemini,0.7
1,exp1,T07,causal_inference,gemini-pro,gemini-2.5-flash,base_a,3,4,2,0.4039,False,4,5,4,0.5834,False,1.0,1.0,2.0,1.333,False,1680,1936,9.601,gemini,0.7
1,exp1,T01,structure_coherence,gemini-pro,gemini-2.5-flash,base_b,2,3,1,0.2635,False,4,5,3,0.527,False,2.0,2.0,2.0,2.0,False,1978,2400,11.623,gemini,0.7
1,exp1,T02,offset_reasoning,gemini-pro,gemini-2.5-flash,base_b,4,4,2,0.4363,False,4,4,3,0.48,False,0.0,0.0,1.0,0.333,False,2078,2494,11.234,gemini,0.7
1,exp1,T03,constant_emergence,gemini-pro,gemini-2.5-flash,base_b,2,3,1,0.246,False,3,2,3,0.328,False,1.0,1.0,2.0,1.333,False,3392,3858,17.612,gemini,0.7
1,exp1,T04,cross_domain_mapping,gemini-pro,gemini-2.5-flash,base_b,4,5,2,0.5032,False,4,5,3,0.549,False,0.0,0.0,1.0,0.333,False,1459,2017,8.617,gemini,0.7
1,exp1,T05,hallucination_suppression,gemini-pro,gemini-2.5-flash,base_b,1,2,1,0.1839,False,4,3,3,0.4598,False,3.0,1.0,2.0,2.0,False,1407,1847,9.522,gemini,0.7
1,exp1,T06,math_proof_verification,gemini-pro,gemini-2.5-flash,base_b,4,5,4,0.5821,False,3,4,3,0.4477,False,1.0,1.0,1.0,1.0,False,1710,2338,9.834,gemini,0.7
1,exp1,T07,causal_inference,gemini-pro,gemini-2.5-flash,base_b,4,4,2,0.4287,False,3,2,2,0.3001,False,1.0,2.0,0.0,1.0,False,2382,2883,13.297,gemini,0.7
1,exp2,T08,math_proof_verification,gemini-pro,gemini-2.5-flash,wlm_sl,4,5,4,0.5822,False,5,5,5,0.6718,False,1.0,0.0,1.0,0.667,False,1706,2737,8.725,gemini,0.7
1,exp2,T09,math_proof_verification,gemini-pro,gemini-2.5-flash,wlm_sl,5,5,5,0.6883,False,4,5,4,0.5965,False,1.0,0.0,1.0,0.667,False,1427,2367,8.191,gemini,0.7
1,exp2,T10,math_proof_verification,gemini-pro,gemini-2.5-flash,wlm_sl,4,5,5,0.6598,False,5,5,5,0.7069,False,1.0,0.0,0.0,0.333,False,1179,2100,7.226,gemini,0.7
1,exp2,T11,math_proof_verification,gemini-pro,gemini-2.5-flash,wlm_sl,4,5,5,0.703,False,5,5,4,0.703,False,1.0,0.0,1.0,0.667,False,763,1758,5.329,gemini,0.7
1,exp2,T12,logical_validity,gemini-pro,gemini-2.5-flash,wlm_sl,2,5,4,0.4868,False,3,4,3,0.4426,False,1.0,1.0,1.0,1.0,False,1865,2797,9.978,gemini,0.7
1,exp2,T13,logical_validity,gemini-pro,gemini-2.5-flash,wlm_sl,4,5,4,0.6193,False,4,5,4,0.6193,False,0.0,0.0,0.0,0.0,True,1093,2022,7.083,gemini,0.7
1,exp2,T14,logical_validity,gemini-pro,gemini-2.5-flash,wlm_sl,4,5,4,0.6123,False,4,5,5,0.6594,False,0.0,0.0,1.0,0.333,False,1184,2106,6.829,gemini,0.7
1,exp2,T15,statistical_reasoning,gemini-pro,gemini-2.5-flash,wlm_sl,3,4,2,0.4218,False,5,5,5,0.7029,False,2.0,1.0,3.0,2.0,False,1227,2174,8.32,gemini,0.7
1,exp2,T16,statistical_reasoning,gemini-pro,gemini-2.5-flash,wlm_sl,4,5,5,0.6542,False,4,5,5,0.6542,False,0.0,0.0,0.0,0.0,True,1252,2304,8.69,gemini,0.7
1,exp2,T17,statistical_reasoning,gemini-pro,gemini-2.5-flash,wlm_sl,5,5,5,0.6964,False,5,5,5,0.6964,False,0.0,0.0,0.0,0.0,True,1311,2249,8.456,gemini,0.7
1,exp2,T18,code_debugging,gemini-pro,gemini-2.5-flash,wlm_sl,4,4,5,0.6147,False,4,5,5,0.662,False,0.0,1.0,0.0,0.333,False,1151,2063,7.187,gemini,0.7
1,exp2,T19,code_debugging,gemini-pro,gemini-2.5-flash,wlm_sl,4,5,4,0.5729,False,4,5,5,0.617,False,0.0,0.0,1.0,0.333,False,1926,2845,10.482,gemini,0.7
1,exp2,T20,code_debugging,gemini-pro,gemini-2.5-flash,wlm_sl,4,5,5,0.6496,False,5,5,5,0.696,False,1.0,0.0,0.0,0.333,False,1317,2256,8.636,gemini,0.7
1,exp2,T21,factual_calibration,gemini-pro,gemini-2.5-flash,wlm_sl,3,5,2,0.4477,False,3,5,3,0.4925,False,0.0,0.0,1.0,0.333,False,1711,2644,10.803,gemini,0.7
1,exp2,T22,factual_calibration,gemini-pro,gemini-2.5-flash,wlm_sl,4,5,5,0.6156,False,5,5,4,0.6156,False,1.0,0.0,1.0,0.667,False,1960,2889,10.131,gemini,0.7
1,exp2,T23,factual_calibration,gemini-pro,gemini-2.5-flash,wlm_sl,4,3,5,0.577,False,4,4,5,0.6251,False,0.0,1.0,0.0,0.333,False,1024,1916,7.286,gemini,0.7
1,exp2,T24,causal_inference,gemini-pro,gemini-2.5-flash,wlm_sl,4,5,4,0.6033,False,4,5,4,0.6033,False,0.0,0.0,0.0,0.0,True,1315,2211,8.221,gemini,0.7
1,exp2,T25,causal_inference,gemini-pro,gemini-2.5-flash,wlm_sl,4,5,4,0.6506,False,5,5,5,0.7507,False,1.0,0.0,1.0,0.667,False,780,1681,5.091,gemini,0.7
1,exp2,T26,causal_inference,gemini-pro,gemini-2.5-flash,wlm_sl,4,5,5,0.7092,False,5,5,5,0.7598,False,1.0,0.0,0.0,0.333,False,720,1592,5.362,gemini,0.7
1,exp2,T27,mathematical_reasoning,gemini-pro,gemini-2.5-flash,wlm_sl,4,5,5,0.6222,False,4,5,4,0.5778,False,0.0,0.0,1.0,0.333,False,1807,2701,9.891,gemini,0.7
1,exp2,T28,mathematical_reasoning,gemini-pro,gemini-2.5-flash,wlm_sl,4,5,5,0.6583,False,5,5,5,0.7053,False,1.0,0.0,0.0,0.333,False,1198,2120,7.492,gemini,0.7
1,exp2,T29,mathematical_reasoning,gemini-pro,gemini-2.5-flash,wlm_sl,4,3,5,0.5393,False,4,5,5,0.6291,False,0.0,2.0,0.0,0.667,False,1664,2550,8.429,gemini,0.7
1,exp2,T30,scientific_reasoning,gemini-pro,gemini-2.5-flash,wlm_sl,4,4,5,0.6351,False,4,5,5,0.6839,False,0.0,1.0,0.0,0.333,False,918,1768,6.522,gemini,0.7
1,exp2,T31,scientific_reasoning,gemini-pro,gemini-2.5-flash,wlm_sl,4,4,5,0.6391,False,5,5,5,0.7375,False,1.0,1.0,0.0,0.667,False,879,1779,6.574,gemini,0.7
1,exp2,T32,scientific_reasoning,gemini-pro,gemini-2.5-flash,wlm_sl,4,5,5,0.7095,False,5,5,5,0.7601,False,1.0,0.0,0.0,0.333,False,718,1616,5.76,gemini,0.7
1,exp2,T33,epistemic_calibration,gemini-pro,gemini-2.5-flash,wlm_sl,4,5,5,0.6649,False,5,5,5,0.7124,False,1.0,0.0,0.0,0.333,False,1116,2034,7.323,gemini,0.7
1,exp2,T34,epistemic_calibration,gemini-pro,gemini-2.5-flash,wlm_sl,4,5,5,0.6856,False,5,5,4,0.6856,False,1.0,0.0,1.0,0.667,False,903,1794,6.355,gemini,0.7
1,exp2,T35,epistemic_calibration,gemini-pro,gemini-2.5-flash,wlm_sl,3,4,2,0.4089,False,4,5,4,0.5906,False,1.0,1.0,2.0,1.333,False,1536,2395,10.936,gemini,0.7
1,exp2,T36,structured_analysis,gemini-pro,gemini-2.5-flash,wlm_sl,2,4,1,0.3219,False,4,5,4,0.5979,False,2.0,1.0,3.0,2.0,False,1404,2285,9.82,gemini,0.7
1,exp2,T37,structured_analysis,gemini-pro,gemini-2.5-flash,wlm_sl,3,4,2,0.4182,False,4,5,3,0.5576,False,1.0,1.0,1.0,1.0,False,1303,2212,8.78,gemini,0.7
1,exp2,T08,math_proof_verification,gemini-pro,gemini-2.5-flash,wlm_json,4,5,5,0.6034,False,4,5,5,0.6034,False,0.0,0.0,0.0,0.0,True,2283,3502,11.924,gemini,0.7
1,exp2,T09,math_proof_verification,gemini-pro,gemini-2.5-flash,wlm_json,4,5,4,0.5417,False,5,5,4,0.5833,False,1.0,0.0,0.0,0.333,False,2980,4108,16.235,gemini,0.7
1,exp2,T10,math_proof_verification,gemini-pro,gemini-2.5-flash,wlm_json,4,5,5,0.6007,False,5,5,5,0.6436,False,1.0,0.0,0.0,0.333,False,2365,3474,12.482,gemini,0.7
1,exp2,T11,math_proof_verification,gemini-pro,gemini-2.5-flash,wlm_json,4,5,5,0.6288,False,4,5,5,0.6288,False,0.0,0.0,0.0,0.0,True,1671,2854,10.525,gemini,0.7
1,exp2,T12,logical_validity,gemini-pro,gemini-2.5-flash,wlm_json,5,5,4,0.6029,False,5,5,4,0.6029,False,0.0,0.0,0.0,0.0,True,2298,3418,12.389,gemini,0.7
1,exp2,T13,logical_validity,gemini-pro,gemini-2.5-flash,wlm_json,4,5,4,0.594,False,4,5,4,0.594,False,0.0,0.0,0.0,0.0,True,1473,2590,7.708,gemini,0.7
1,exp2,T14,logical_validity,gemini-pro,gemini-2.5-flash,wlm_json,4,5,4,0.5446,False,4,5,3,0.5027,False,0.0,0.0,1.0,0.333,False,2854,3964,16.367,gemini,0.7
1,exp2,T15,statistical_reasoning,gemini-pro,gemini-2.5-flash,wlm_json,4,4,4,0.5151,False,4,5,4,0.558,False,0.0,1.0,0.0,0.333,False,2358,3493,13.342,gemini,0.7
1,exp2,T16,statistical_reasoning,gemini-pro,gemini-2.5-flash,wlm_json,4,4,5,0.5493,False,4,5,5,0.5916,False,0.0,1.0,0.0,0.333,False,2665,3905,13.285,gemini,0.7
1,exp2,T17,statistical_reasoning,gemini-pro,gemini-2.5-flash,wlm_json,4,5,5,0.6205,False,5,5,5,0.6648,False,1.0,0.0,0.0,0.333,False,1846,2972,9.569,gemini,0.7
1,exp2,T18,code_debugging,gemini-pro,gemini-2.5-flash,wlm_json,4,5,4,0.5875,False,4,5,4,0.5875,False,0.0,0.0,0.0,0.0,True,1597,2697,8.473,gemini,0.7
1,exp2,T19,code_debugging,gemini-pro,gemini-2.5-flash,wlm_json,4,4,4,0.5041,False,5,5,3,0.5461,False,1.0,1.0,1.0,1.0,False,2792,3899,14.62,gemini,0.7
1,exp2,T20,code_debugging,gemini-pro,gemini-2.5-flash,wlm_json,4,4,5,0.542,False,4,5,4,0.542,False,0.0,1.0,1.0,0.667,False,2964,4091,16.603,gemini,0.7
1,exp2,T21,factual_calibration,gemini-pro,gemini-2.5-flash,wlm_json,4,5,2,0.4816,False,4,5,3,0.5254,False,0.0,0.0,1.0,0.333,False,2023,3144,11.322,gemini,0.7
1,exp2,T22,factual_calibration,gemini-pro,gemini-2.5-flash,wlm_json,4,4,2,0.4419,False,3,2,2,0.3093,False,1.0,2.0,0.0,1.0,False,1888,3005,9.946,gemini,0.7
1,exp2,T23,factual_calibration,gemini-pro,gemini-2.5-flash,wlm_json,4,5,3,0.505,False,4,5,3,0.505,False,0.0,0.0,0.0,0.0,True,2755,3835,15.52,gemini,0.7
1,exp2,T24,causal_inference,gemini-pro,gemini-2.5-flash,wlm_json,4,5,4,0.5462,False,4,5,4,0.5462,False,0.0,0.0,0.0,0.0,True,2788,3872,14.5,gemini,0.7
1,exp2,T25,causal_inference,gemini-pro,gemini-2.5-flash,wlm_json,4,5,4,0.6031,False,4,5,5,0.6495,False,0.0,0.0,1.0,0.333,False,1318,2407,7.87,gemini,0.7
1,exp2,T26,causal_inference,gemini-pro,gemini-2.5-flash,wlm_json,4,4,5,0.5942,False,5,5,5,0.6856,False,1.0,1.0,0.0,0.667,False,1469,2529,9.838,gemini,0.7
1,exp2,T27,mathematical_reasoning,gemini-pro,gemini-2.5-flash,wlm_json,4,5,2,0.4599,False,4,5,3,0.5017,False,0.0,0.0,1.0,0.333,False,2902,3984,14.543,gemini,0.7
1,exp2,T28,mathematical_reasoning,gemini-pro,gemini-2.5-flash,wlm_json,4,5,5,0.6226,False,5,5,5,0.6671,False,1.0,0.0,0.0,0.333,False,1799,2909,10.634,gemini,0.7
1,exp2,T29,mathematical_reasoning,gemini-pro,gemini-2.5-flash,wlm_json,4,2,4,0.4103,False,5,4,5,0.5745,False,1.0,2.0,1.0,1.333,False,3372,4446,15.57,gemini,0.7
1,exp2,T30,scientific_reasoning,gemini-pro,gemini-2.5-flash,wlm_json,4,5,5,0.6501,False,4,5,5,0.6501,False,0.0,0.0,0.0,0.0,True,1310,2348,8.609,gemini,0.7
1,exp2,T31,scientific_reasoning,gemini-pro,gemini-2.5-flash,wlm_json,3,4,2,0.3957,False,3,5,4,0.5275,False,0.0,1.0,2.0,1.0,False,1962,3050,12.511,gemini,0.7
1,exp2,T32,scientific_reasoning,gemini-pro,gemini-2.5-flash,wlm_json,4,4,4,0.5286,False,4,5,4,0.5726,False,0.0,1.0,0.0,0.333,False,1934,3020,11.642,gemini,0.7
1,exp2,T33,epistemic_calibration,gemini-pro,gemini-2.5-flash,wlm_json,4,5,4,0.5797,False,4,5,4,0.5797,False,0.0,0.0,0.0,0.0,True,1762,2868,11.488,gemini,0.7
1,exp2,T34,epistemic_calibration,gemini-pro,gemini-2.5-flash,wlm_json,3,4,2,0.3914,False,4,5,4,0.5654,False,1.0,1.0,2.0,1.333,False,2130,3209,13.523,gemini,0.7
1,exp2,T35,epistemic_calibration,gemini-pro,gemini-2.5-flash,wlm_json,4,5,5,0.6081,False,4,5,4,0.5647,False,0.0,0.0,1.0,0.333,False,2151,3198,13.274,gemini,0.7
1,exp2,T36,structured_analysis,gemini-pro,gemini-2.5-flash,wlm_json,3,4,2,0.3953,False,4,5,4,0.571,False,1.0,1.0,2.0,1.333,False,1975,3044,12.666,gemini,0.7
1,exp2,T37,structured_analysis,gemini-pro,gemini-2.5-flash,wlm_json,3,5,2,0.4386,False,5,5,5,0.6579,False,2.0,0.0,3.0,1.667,False,1998,3095,12.569,gemini,0.7
1,exp2,T08,math_proof_verification,gemini-pro,gemini-2.5-flash,wlm_hybrid_v2,3,2,2,0.3397,False,4,5,5,0.6794,False,1.0,3.0,3.0,2.333,False,961,2707,7.128,gemini,0.7
1,exp2,T09,math_proof_verification,gemini-pro,gemini-2.5-flash,wlm_hybrid_v2,4,5,5,0.6513,False,2,3,3,0.3722,False,2.0,2.0,2.0,2.0,False,1293,2948,8.674,gemini,0.7
1,exp2,T10,math_proof_verification,gemini-pro,gemini-2.5-flash,wlm_hybrid_v2,4,5,4,0.593,False,4,4,4,0.5474,False,0.0,1.0,0.0,0.333,False,1490,3126,10.131,gemini,0.7
1,exp2,T11,math_proof_verification,gemini-pro,gemini-2.5-flash,wlm_hybrid_v2,5,5,5,0.7169,False,4,5,5,0.6691,False,1.0,0.0,0.0,0.333,False,1068,2778,7.525,gemini,0.7
1,exp2,T12,logical_validity,gemini-pro,gemini-2.5-flash,wlm_hybrid_v2,4,5,2,0.4848,False,4,5,4,0.5729,False,0.0,0.0,2.0,0.667,False,1926,3573,11.54,gemini,0.7
1,exp2,T13,logical_validity,gemini-pro,gemini-2.5-flash,wlm_hybrid_v2,3,4,2,0.4103,False,2,5,1,0.3647,False,1.0,1.0,1.0,1.0,False,1496,3140,9.661,gemini,0.7
1,exp2,T14,logical_validity,gemini-pro,gemini-2.5-flash,wlm_hybrid_v2,4,5,5,0.6463,False,3,4,2,0.4154,False,1.0,1.0,3.0,1.667,False,1367,3004,8.623,gemini,0.7
1,exp2,T15,statistical_reasoning,gemini-pro,gemini-2.5-flash,wlm_hybrid_v2,2,3,2,0.3181,False,4,5,3,0.5453,False,2.0,2.0,1.0,1.667,False,1533,3195,9.67,gemini,0.7
1,exp2,T16,statistical_reasoning,gemini-pro,gemini-2.5-flash,wlm_hybrid_v2,2,3,2,0.3221,False,4,3,3,0.4602,False,2.0,0.0,1.0,1.0,False,1398,3165,10.2,gemini,0.7
1,exp2,T17,statistical_reasoning,gemini-pro,gemini-2.5-flash,wlm_hybrid_v2,4,4,2,0.4499,False,4,5,3,0.5398,False,0.0,1.0,1.0,0.667,False,1651,3304,10.23,gemini,0.7
1,exp2,T18,code_debugging,gemini-pro,gemini-2.5-flash,wlm_hybrid_v2,4,5,2,0.5331,False,5,5,5,0.7269,False,1.0,0.0,3.0,1.333,False,970,2597,7.137,gemini,0.7
1,exp2,T19,code_debugging,gemini-pro,gemini-2.5-flash,wlm_hybrid_v2,4,5,2,0.4882,False,3,5,3,0.4882,False,1.0,0.0,1.0,0.667,False,1825,3459,10.584,gemini,0.7
1,exp2,T20,code_debugging,gemini-pro,gemini-2.5-flash,wlm_hybrid_v2,3,2,1,0.2607,False,2,3,2,0.3042,False,1.0,1.0,1.0,1.0,False,2144,3798,12.183,gemini,0.7
1,exp2,T21,factual_calibration,gemini-pro,gemini-2.5-flash,wlm_hybrid_v2,1,2,1,0.1969,False,3,2,3,0.3938,False,2.0,0.0,2.0,1.333,False,872,2520,6.595,gemini,0.7
1,exp2,T22,factual_calibration,gemini-pro,gemini-2.5-flash,wlm_hybrid_v2,4,4,2,0.443,False,3,3,2,0.3544,False,1.0,1.0,0.0,0.667,False,1851,3495,11.623,gemini,0.7
1,exp2,T23,factual_calibration,gemini-pro,gemini-2.5-flash,wlm_hybrid_v2,4,4,2,0.4516,False,3,4,3,0.4516,False,1.0,0.0,1.0,0.667,False,1604,3211,10.856,gemini,0.7
1,exp2,T24,causal_inference,gemini-pro,gemini-2.5-flash,wlm_hybrid_v2,2,1,1,0.1816,False,4,5,3,0.5448,False,2.0,4.0,2.0,2.667,False,1542,3153,9.912,gemini,0.7
1,exp2,T25,causal_inference,gemini-pro,gemini-2.5-flash,wlm_hybrid_v2,5,5,5,0.7136,False,4,5,5,0.666,False,1.0,0.0,0.0,0.333,False,1103,2719,7.443,gemini,0.7
1,exp2,T26,causal_inference,gemini-pro,gemini-2.5-flash,wlm_hybrid_v2,4,4,4,0.5474,False,4,5,4,0.593,False,0.0,1.0,0.0,0.333,False,1490,3077,9.429,gemini,0.7
1,exp2,T27,mathematical_reasoning,gemini-pro,gemini-2.5-flash,wlm_hybrid_v2,2,1,1,0.166,False,2,1,1,0.166,False,0.0,0.0,0.0,0.0,True,3082,4691,16.195,gemini,0.7
1,exp2,T28,mathematical_reasoning,gemini-pro,gemini-2.5-flash,wlm_hybrid_v2,2,1,1,0.1804,False,4,5,3,0.5411,False,2.0,4.0,2.0,2.667,False,1623,3260,9.92,gemini,0.7
1,exp2,T29,mathematical_reasoning,gemini-pro,gemini-2.5-flash,wlm_hybrid_v2,3,2,3,0.3871,False,3,3,3,0.4355,False,0.0,1.0,0.0,0.333,False,980,2581,6.415,gemini,0.7
1,exp2,T30,scientific_reasoning,gemini-pro,gemini-2.5-flash,wlm_hybrid_v2,4,4,4,0.5677,False,3,4,3,0.4731,False,1.0,0.0,1.0,0.667,False,1147,2712,7.495,gemini,0.7
1,exp2,T31,scientific_reasoning,gemini-pro,gemini-2.5-flash,wlm_hybrid_v2,2,1,1,0.1879,False,4,4,3,0.5166,False,2.0,3.0,2.0,2.333,False,1208,2823,8.602,gemini,0.7
1,exp2,T32,scientific_reasoning,gemini-pro,gemini-2.5-flash,wlm_hybrid_v2,4,4,2,0.4615,False,5,5,4,0.6461,False,1.0,1.0,2.0,1.333,False,1369,2982,9.383,gemini,0.7
1,exp2,T33,epistemic_calibration,gemini-pro,gemini-2.5-flash,wlm_hybrid_v2,4,2,1,0.3069,False,4,5,3,0.5261,False,0.0,3.0,2.0,1.667,False,2003,3636,12.556,gemini,0.7
1,exp2,T34,epistemic_calibration,gemini-pro,gemini-2.5-flash,wlm_hybrid_v2,4,3,3,0.4527,False,5,5,3,0.5886,False,1.0,2.0,0.0,1.0,False,1575,3181,9.502,gemini,0.7
1,exp2,T35,epistemic_calibration,gemini-pro,gemini-2.5-flash,wlm_hybrid_v2,3,4,2,0.402,False,4,5,3,0.536,False,1.0,1.0,1.0,1.0,False,1741,3315,11.864,gemini,0.7
1,exp2,T36,structured_analysis,gemini-pro,gemini-2.5-flash,wlm_hybrid_v2,4,5,2,0.5137,False,4,4,3,0.5137,False,0.0,1.0,1.0,0.667,False,1258,2854,9.557,gemini,0.7
1,exp2,T37,structured_analysis,gemini-pro,gemini-2.5-flash,wlm_hybrid_v2,4,5,5,0.673,False,3,5,4,0.5768,False,1.0,0.0,1.0,0.667,False,1026,2650,7.107,gemini,0.7
1,exp2,T08,math_proof_verification,gemini-pro,gemini-2.5-flash,base_a,4,3,2,0.3951,False,4,5,4,0.5707,False,0.0,2.0,2.0,1.333,False,1984,2317,10.395,gemini,0.7
1,exp2,T09,math_proof_verification,gemini-pro,gemini-2.5-flash,base_a,4,5,5,0.6134,False,4,5,5,0.6134,False,0.0,0.0,0.0,0.0,True,2013,2255,10.959,gemini,0.7
1,exp2,T10,math_proof_verification,gemini-pro,gemini-2.5-flash,base_a,4,5,4,0.5982,False,4,5,5,0.6442,False,0.0,0.0,1.0,0.333,False,1399,1622,9.519,gemini,0.7
1,exp2,T11,math_proof_verification,gemini-pro,gemini-2.5-flash,base_a,4,5,5,0.6618,False,5,5,5,0.7091,False,1.0,0.0,0.0,0.333,False,1153,1450,7.253,gemini,0.7
1,exp2,T12,logical_validity,gemini-pro,gemini-2.5-flash,base_a,2,3,2,0.3092,False,3,4,3,0.4417,False,1.0,1.0,1.0,1.0,False,1894,2128,10.51,gemini,0.7
1,exp2,T13,logical_validity,gemini-pro,gemini-2.5-flash,base_a,4,3,2,0.401,False,3,2,3,0.3565,False,1.0,1.0,1.0,1.0,False,1772,2003,11.744,gemini,0.7
1,exp2,T14,logical_validity,gemini-pro,gemini-2.5-flash,base_a,4,3,2,0.3931,False,4,4,3,0.4804,False,0.0,1.0,1.0,0.667,False,2062,2286,12.852,gemini,0.7
1,exp2,T15,statistical_reasoning,gemini-pro,gemini-2.5-flash,base_a,3,4,2,0.3945,False,4,4,3,0.4822,False,1.0,0.0,1.0,0.667,False,2006,2255,12.846,gemini,0.7
1,exp2,T16,statistical_reasoning,gemini-pro,gemini-2.5-flash,base_a,4,3,2,0.392,False,4,4,3,0.4791,False,0.0,1.0,1.0,0.667,False,2108,2462,12.541,gemini,0.7
1,exp2,T17,statistical_reasoning,gemini-pro,gemini-2.5-flash,base_a,4,3,3,0.4502,False,5,5,3,0.5852,False,1.0,2.0,0.0,1.0,False,1642,1882,9.772,gemini,0.7
1,exp2,T18,code_debugging,gemini-pro,gemini-2.5-flash,base_a,4,5,4,0.5719,False,4,5,4,0.5719,False,0.0,0.0,0.0,0.0,True,1953,2167,10.661,gemini,0.7
1,exp2,T19,code_debugging,gemini-pro,gemini-2.5-flash,base_a,4,3,5,0.5072,False,4,5,4,0.5495,False,0.0,2.0,1.0,1.0,False,2659,2880,13.551,gemini,0.7
1,exp2,T20,code_debugging,gemini-pro,gemini-2.5-flash,base_a,4,3,5,0.5329,False,4,5,4,0.5774,False,0.0,2.0,1.0,1.0,False,1817,2058,10.384,gemini,0.7
1,exp2,T21,factual_calibration,gemini-pro,gemini-2.5-flash,base_a,2,4,2,0.3608,False,3,5,3,0.4961,False,1.0,1.0,1.0,1.0,False,1621,1856,10.51,gemini,0.7
1,exp2,T22,factual_calibration,gemini-pro,gemini-2.5-flash,base_a,4,4,2,0.4516,False,5,3,3,0.4967,False,1.0,1.0,1.0,1.0,False,1605,1836,10.595,gemini,0.7
1,exp2,T23,factual_calibration,gemini-pro,gemini-2.5-flash,base_a,3,4,2,0.3833,False,3,4,3,0.4259,False,0.0,0.0,1.0,0.333,False,2504,2698,15.039,gemini,0.7
1,exp2,T24,causal_inference,gemini-pro,gemini-2.5-flash,base_a,4,3,2,0.4047,False,5,4,3,0.5396,False,1.0,1.0,1.0,1.0,False,1657,1855,10.871,gemini,0.7
1,exp2,T25,causal_inference,gemini-pro,gemini-2.5-flash,base_a,4,3,3,0.4824,False,4,5,5,0.6754,False,0.0,2.0,2.0,1.333,False,1001,1204,6.833,gemini,0.7
1,exp2,T26,causal_inference,gemini-pro,gemini-2.5-flash,base_a,4,4,3,0.5188,False,4,5,4,0.6131,False,0.0,1.0,1.0,0.667,False,1173,1347,7.365,gemini,0.7
1,exp2,T27,mathematical_reasoning,gemini-pro,gemini-2.5-flash,base_a,3,4,2,0.3707,False,3,5,3,0.4531,False,0.0,1.0,1.0,0.667,False,3271,3467,15.866,gemini,0.7
1,exp2,T28,mathematical_reasoning,gemini-pro,gemini-2.5-flash,base_a,4,3,3,0.4303,False,5,5,3,0.5593,False,1.0,2.0,0.0,1.0,False,2314,2538,14.228,gemini,0.7
1,exp2,T29,mathematical_reasoning,gemini-pro,gemini-2.5-flash,base_a,4,2,4,0.4393,False,5,5,4,0.6151,False,1.0,3.0,0.0,1.333,False,1972,2160,9.886,gemini,0.7
1,exp2,T30,scientific_reasoning,gemini-pro,gemini-2.5-flash,base_a,4,4,4,0.5669,False,5,4,5,0.6614,False,1.0,0.0,1.0,0.667,False,1158,1310,8.547,gemini,0.7
1,exp2,T31,scientific_reasoning,gemini-pro,gemini-2.5-flash,base_a,3,3,2,0.3527,False,4,5,4,0.5731,False,1.0,2.0,2.0,1.667,False,1922,2124,11.459,gemini,0.7
1,exp2,T32,scientific_reasoning,gemini-pro,gemini-2.5-flash,base_a,3,4,2,0.4155,False,4,5,5,0.6463,False,1.0,1.0,3.0,1.667,False,1366,1566,9.284,gemini,0.7
1,exp2,T33,epistemic_calibration,gemini-pro,gemini-2.5-flash,base_a,4,4,4,0.5592,False,5,5,5,0.699,False,1.0,1.0,1.0,1.0,False,1277,1497,8.128,gemini,0.7
1,exp2,T34,epistemic_calibration,gemini-pro,gemini-2.5-flash,base_a,3,4,2,0.3922,False,4,5,3,0.523,False,1.0,1.0,1.0,1.0,False,2096,2289,13.03,gemini,0.7
1,exp2,T35,epistemic_calibration,gemini-pro,gemini-2.5-flash,base_a,4,4,2,0.4032,False,4,4,3,0.4435,False,0.0,0.0,1.0,0.333,False,3892,4053,24.539,gemini,0.7
1,exp2,T36,structured_analysis,gemini-pro,gemini-2.5-flash,base_a,3,4,2,0.3725,False,4,5,3,0.4967,False,1.0,1.0,1.0,1.0,False,3144,3327,18.627,gemini,0.7
1,exp2,T37,structured_analysis,gemini-pro,gemini-2.5-flash,base_a,2,3,1,0.2492,False,4,4,3,0.4569,False,2.0,1.0,2.0,1.667,False,3055,3266,19.792,gemini,0.7
1,exp2,T08,math_proof_verification,gemini-pro,gemini-2.5-flash,base_b,4,4,2,0.4372,False,4,4,3,0.4809,False,0.0,0.0,1.0,0.333,False,2048,2626,12.491,gemini,0.7
1,exp2,T09,math_proof_verification,gemini-pro,gemini-2.5-flash,base_b,4,5,5,0.6165,False,4,5,3,0.5284,False,0.0,0.0,2.0,0.667,False,1937,2424,9.605,gemini,0.7
1,exp2,T10,math_proof_verification,gemini-pro,gemini-2.5-flash,base_b,4,4,2,0.4344,False,3,3,2,0.3475,False,1.0,1.0,0.0,0.667,False,2150,2618,11.862,gemini,0.7
1,exp2,T11,math_proof_verification,gemini-pro,gemini-2.5-flash,base_b,4,4,5,0.5894,False,3,5,4,0.5441,False,1.0,1.0,1.0,1.0,False,1558,2100,9.282,gemini,0.7
1,exp2,T12,logical_validity,gemini-pro,gemini-2.5-flash,base_b,4,5,4,0.5916,False,4,5,4,0.5916,False,0.0,0.0,0.0,0.0,True,1516,1995,8.149,gemini,0.7
1,exp2,T13,logical_validity,gemini-pro,gemini-2.5-flash,base_b,4,5,2,0.4904,False,3,5,3,0.4904,False,1.0,0.0,1.0,0.667,False,1766,2242,10.686,gemini,0.7
1,exp2,T14,logical_validity,gemini-pro,gemini-2.5-flash,base_b,4,5,2,0.4761,False,5,5,3,0.5626,False,1.0,0.0,1.0,0.667,False,2211,2680,12.411,gemini,0.7
1,exp2,T15,statistical_reasoning,gemini-pro,gemini-2.5-flash,base_b,4,4,2,0.4333,False,4,3,3,0.4333,False,0.0,1.0,1.0,0.667,False,2193,2687,14.27,gemini,0.7
1,exp2,T16,statistical_reasoning,gemini-pro,gemini-2.5-flash,base_b,3,4,2,0.3988,False,3,4,3,0.4431,False,0.0,0.0,1.0,0.333,False,1849,2448,11.205,gemini,0.7
1,exp2,T17,statistical_reasoning,gemini-pro,gemini-2.5-flash,base_b,2,4,1,0.3074,False,4,4,3,0.483,False,2.0,0.0,2.0,1.333,False,1979,2464,11.344,gemini,0.7
1,exp2,T18,code_debugging,gemini-pro,gemini-2.5-flash,base_b,4,5,1,0.4253,False,5,5,4,0.5954,False,1.0,0.0,3.0,1.333,False,2535,2994,12.773,gemini,0.7
1,exp2,T19,code_debugging,gemini-pro,gemini-2.5-flash,base_b,4,4,2,0.4114,False,4,5,4,0.5348,False,0.0,1.0,2.0,1.0,False,3304,3770,42.6,gemini,0.7
1,exp2,T20,code_debugging,gemini-pro,gemini-2.5-flash,base_b,4,3,2,0.3899,False,3,4,3,0.4332,False,1.0,1.0,1.0,1.0,False,2195,2681,12.75,gemini,0.7
1,exp2,T21,factual_calibration,gemini-pro,gemini-2.5-flash,base_b,4,4,2,0.4307,False,3,4,1,0.3446,False,1.0,0.0,1.0,0.667,False,2295,2775,13.811,gemini,0.7
1,exp2,T22,factual_calibration,gemini-pro,gemini-2.5-flash,base_b,4,4,2,0.4449,False,2,2,3,0.3114,False,2.0,2.0,1.0,1.667,False,1793,2269,23.562,gemini,0.7
1,exp2,T23,factual_calibration,gemini-pro,gemini-2.5-flash,base_b,4,4,2,0.4318,False,4,4,3,0.4749,False,0.0,0.0,1.0,0.333,False,2253,2692,14.065,gemini,0.7
1,exp2,T24,causal_inference,gemini-pro,gemini-2.5-flash,base_b,4,5,2,0.4805,False,3,4,3,0.4368,False,1.0,1.0,1.0,1.0,False,2059,2502,12.503,gemini,0.7
1,exp2,T25,causal_inference,gemini-pro,gemini-2.5-flash,base_b,4,5,3,0.5483,False,3,4,3,0.4569,False,1.0,1.0,0.0,0.667,False,1473,1921,9.214,gemini,0.7
1,exp2,T26,causal_inference,gemini-pro,gemini-2.5-flash,base_b,2,3,1,0.2667,False,4,3,3,0.4446,False,2.0,0.0,2.0,1.333,False,1803,2222,10.799,gemini,0.7
1,exp2,T28,mathematical_reasoning,gemini-pro,gemini-2.5-flash,base_b,4,5,1,0.434,False,5,4,4,0.5643,False,1.0,1.0,3.0,1.667,False,2163,2632,11.924,gemini,0.7
1,exp2,T29,mathematical_reasoning,gemini-pro,gemini-2.5-flash,base_b,4,3,2,0.3841,False,3,1,3,0.2987,False,1.0,2.0,1.0,1.333,False,2465,2898,13.123,gemini,0.7
1,exp2,T30,scientific_reasoning,gemini-pro,gemini-2.5-flash,base_b,4,4,2,0.4596,False,4,4,3,0.5056,False,0.0,0.0,1.0,0.333,False,1411,1808,8.805,gemini,0.7
1,exp2,T31,scientific_reasoning,gemini-pro,gemini-2.5-flash,base_b,4,3,2,0.4049,False,4,5,3,0.5399,False,0.0,2.0,1.0,1.0,False,1649,2096,11.088,gemini,0.7
1,exp2,T32,scientific_reasoning,gemini-pro,gemini-2.5-flash,base_b,4,4,2,0.4489,False,4,5,3,0.5387,False,0.0,1.0,1.0,0.667,False,1676,2121,10.936,gemini,0.7
1,exp2,T33,epistemic_calibration,gemini-pro,gemini-2.5-flash,base_b,4,3,2,0.3962,False,4,5,3,0.5282,False,0.0,2.0,1.0,1.0,False,1943,2408,11.672,gemini,0.7
1,exp2,T34,epistemic_calibration,gemini-pro,gemini-2.5-flash,base_b,2,3,1,0.2487,False,4,5,3,0.4973,False,2.0,2.0,2.0,2.0,False,3111,3549,17.11,gemini,0.7
1,exp2,T35,epistemic_calibration,gemini-pro,gemini-2.5-flash,base_b,4,4,2,0.3931,False,4,5,3,0.4718,False,0.0,1.0,1.0,0.667,False,4811,5217,26.75,gemini,0.7
1,exp2,T36,structured_analysis,gemini-pro,gemini-2.5-flash,base_b,2,3,1,0.2488,False,4,5,3,0.4976,False,2.0,2.0,2.0,2.0,False,3097,3525,19.885,gemini,0.7
1,exp2,T37,structured_analysis,gemini-pro,gemini-2.5-flash,base_b,2,3,1,0.2524,False,3,3,3,0.3785,False,1.0,0.0,2.0,1.0,False,2765,3221,16.684,gemini,0.7
1,exp3,T38,conflicting_information,gemini-pro,gemini-2.5-flash,wlm_hybrid_v2,5,4,3,0.5445,False,4,5,3,0.5445,False,1.0,1.0,0.0,0.667,False,1549,3320,10.369,gemini,0.7
1,exp3,T41,conflicting_information,gemini-pro,gemini-2.5-flash,wlm_hybrid_v2,4,5,2,0.5202,False,3,5,3,0.5202,False,1.0,0.0,1.0,0.667,False,1150,2859,8.512,gemini,0.7
1,exp3,T42,information_gap,gemini-pro,gemini-2.5-flash,wlm_hybrid_v2,2,2,1,0.2136,False,3,4,2,0.3845,False,1.0,2.0,1.0,1.333,False,2446,4134,15.02,gemini,0.7
1,exp3,T44,information_gap,gemini-pro,gemini-2.5-flash,wlm_hybrid_v2,4,5,5,0.6231,False,4,5,5,0.6231,False,0.0,0.0,0.0,0.0,True,1787,3447,10.947,gemini,0.7
1,exp3,T46,high_structural_load,gemini-pro,gemini-2.5-flash,wlm_hybrid_v2,2,1,1,0.1648,False,4,2,3,0.3707,False,2.0,1.0,2.0,1.667,False,3267,5038,19.038,gemini,0.7
1,exp3,T50,adversarial_framing,gemini-pro,gemini-2.5-flash,wlm_hybrid_v2,2,3,2,0.3137,False,3,4,3,0.4482,False,1.0,1.0,1.0,1.0,False,1697,3325,11.637,gemini,0.7
1,exp3,T42,information_gap,gemini-pro,gemini-2.5-flash,base_a,4,5,4,0.5344,False,4,5,5,0.5755,False,0.0,0.0,1.0,0.333,False,3324,3599,19.402,gemini,0.7
1,exp3,T38,conflicting_information,gemini-pro,gemini-2.5-flash,base_b,4,5,3,0.5246,False,4,5,4,0.5683,False,0.0,0.0,1.0,0.333,False,2048,2651,13.75,gemini,0.7
1,exp3,T41,conflicting_information,gemini-pro,gemini-2.5-flash,base_b,2,3,1,0.2555,False,4,5,3,0.5111,False,2.0,2.0,2.0,2.0,False,2506,3047,15.957,gemini,0.7
1,exp3,T44,information_gap,gemini-pro,gemini-2.5-flash,base_b,4,5,2,0.4777,False,4,5,3,0.5211,False,0.0,0.0,1.0,0.333,False,2154,2646,15.318,gemini,0.7
1,exp3,T46,high_structural_load,gemini-pro,gemini-2.5-flash,base_b,2,1,1,0.1672,False,3,1,2,0.2508,False,1.0,0.0,1.0,0.667,False,2908,3511,35.184,gemini,0.7
1,exp3,T50,adversarial_framing,gemini-pro,gemini-2.5-flash,base_b,4,4,2,0.4369,False,3,4,3,0.4369,False,1.0,0.0,1.0,0.667,False,2057,2517,14.022,gemini,0.7
1,exp3,T51,adversarial_framing,gemini-pro,gemini-2.5-flash,base_b,2,3,1,0.2566,False,3,2,3,0.3421,False,1.0,1.0,2.0,1.333,False,2429,2939,15.926,gemini,0.7
1,exp3,T52,adversarial_framing,gemini-pro,gemini-2.5-flash,base_b,4,5,4,0.5563,False,5,5,5,0.6419,False,1.0,0.0,1.0,0.667,False,2413,2922,14.282,gemini,0.7
1,exp2,T27,mathematical_reasoning,gemini-pro,gemini-2.5-flash,base_b,4,4,2,0.4258,False,4,5,3,0.511,False,0.0,1.0,1.0,0.667,False,2509,2950,14.431,gemini,0.7
1,exp3,T51,adversarial_framing,gemini-pro,gemini-2.5-flash,wlm_hybrid_v2,4,5,5,0.6333,False,3,4,5,0.5428,False,1.0,1.0,0.0,0.667,False,1585,3263,10.507,gemini,0.7
1,exp3,T52,adversarial_framing,gemini-pro,gemini-2.5-flash,wlm_hybrid_v2,4,5,5,0.6664,False,4,5,5,0.6664,False,0.0,0.0,0.0,0.0,True,1099,2776,8.402,gemini,0.7
1,exp3,T38,conflicting_information,gemini-pro,gemini-2.5-flash,base_a,4,4,3,0.4939,False,4,5,3,0.5388,False,0.0,1.0,0.0,0.333,False,1674,2032,11.059,gemini,0.7
1,exp3,T41,conflicting_information,gemini-pro,gemini-2.5-flash,base_a,2,2,1,0.2099,False,3,5,3,0.4619,False,1.0,3.0,2.0,2.0,False,2802,3098,17.765,gemini,0.7
1,exp3,T44,information_gap,gemini-pro,gemini-2.5-flash,base_a,4,3,5,0.5359,False,4,5,4,0.5806,False,0.0,2.0,1.0,1.0,False,1743,1990,11.07,gemini,0.7
1,exp3,T46,high_structural_load,gemini-pro,gemini-2.5-flash,base_a,4,2,3,0.3897,False,4,5,3,0.5196,False,0.0,3.0,0.0,1.0,False,2203,2561,13.977,gemini,0.7
1,exp3,T50,adversarial_framing,gemini-pro,gemini-2.5-flash,base_a,4,4,4,0.5273,False,4,5,3,0.5273,False,0.0,1.0,1.0,0.667,False,1969,2184,13.069,gemini,0.7
1,exp3,T51,adversarial_framing,gemini-pro,gemini-2.5-flash,base_a,4,4,4,0.5424,False,5,5,5,0.6779,False,1.0,1.0,1.0,1.0,False,1595,1860,11.217,gemini,0.7
1,exp3,T52,adversarial_framing,gemini-pro,gemini-2.5-flash,base_a,3,4,2,0.3842,False,4,5,3,0.5123,False,1.0,1.0,1.0,1.0,False,2460,2724,15.159,gemini,0.7
1,exp3,T42,information_gap,gemini-pro,gemini-2.5-flash,base_b,2,4,2,0.3363,False,5,5,5,0.6305,False,3.0,1.0,3.0,2.333,False,2780,3300,15.442,gemini,0.7
1,exp3,T38,conflicting_information,gemini-pro,gemini-2.5-flash,wlm_sl,4,5,5,0.6676,False,5,5,5,0.7153,False,1.0,0.0,0.0,0.333,False,1085,2141,8.342,gemini,0.7
1,exp3,T41,conflicting_information,gemini-pro,gemini-2.5-flash,wlm_sl,4,5,5,0.6674,False,5,5,5,0.7151,False,1.0,0.0,0.0,0.333,False,1087,2081,8.271,gemini,0.7
1,exp3,T42,information_gap,gemini-pro,gemini-2.5-flash,wlm_sl,4,5,5,0.5962,False,4,5,4,0.5537,False,0.0,0.0,1.0,0.333,False,2506,3479,15.021,gemini,0.7
1,exp3,T44,information_gap,gemini-pro,gemini-2.5-flash,wlm_sl,4,5,5,0.675,False,5,5,4,0.675,False,1.0,0.0,1.0,0.667,False,1005,1950,6.721,gemini,0.7
1,exp3,T46,high_structural_load,gemini-pro,gemini-2.5-flash,wlm_sl,4,4,2,0.4303,False,5,5,3,0.5594,False,1.0,1.0,1.0,1.0,False,2313,3369,13.036,gemini,0.7
1,exp3,T50,adversarial_framing,gemini-pro,gemini-2.5-flash,wlm_sl,4,5,2,0.5067,False,4,5,4,0.5988,False,0.0,0.0,2.0,0.667,False,1389,2302,10.205,gemini,0.7
1,exp3,T51,adversarial_framing,gemini-pro,gemini-2.5-flash,wlm_sl,4,5,4,0.5956,False,4,4,5,0.5956,False,0.0,1.0,1.0,0.667,False,1443,2406,10.773,gemini,0.7
1,exp3,T52,adversarial_framing,gemini-pro,gemini-2.5-flash,wlm_sl,4,5,5,0.6656,False,5,5,5,0.7131,False,1.0,0.0,0.0,0.333,False,1108,2070,9.047,gemini,0.7
1,exp3,T38,conflicting_information,gemini-pro,gemini-2.5-flash,wlm_json,4,4,2,0.4152,False,5,5,5,0.6228,False,1.0,1.0,3.0,1.667,False,3066,4310,16.221,gemini,0.7
1,exp3,T41,conflicting_information,gemini-pro,gemini-2.5-flash,wlm_json,3,5,2,0.424,False,4,5,3,0.5087,False,1.0,0.0,1.0,0.667,False,2597,3779,15.878,gemini,0.7
1,exp3,T42,information_gap,gemini-pro,gemini-2.5-flash,wlm_json,4,5,5,0.5575,False,5,5,5,0.5974,False,1.0,0.0,0.0,0.333,False,4315,5476,22.113,gemini,0.7
1,exp3,T44,information_gap,gemini-pro,gemini-2.5-flash,wlm_json,4,4,5,0.5569,False,4,5,5,0.5997,False,0.0,1.0,0.0,0.333,False,2394,3527,21.653,gemini,0.7
1,exp3,T46,high_structural_load,gemini-pro,gemini-2.5-flash,wlm_json,4,3,2,0.3499,False,3,5,3,0.4277,False,1.0,2.0,1.0,1.333,False,5287,6531,25.336,gemini,0.7
1,exp3,T50,adversarial_framing,gemini-pro,gemini-2.5-flash,wlm_json,4,5,4,0.5392,False,4,5,4,0.5392,False,0.0,0.0,0.0,0.0,True,3090,4191,18.262,gemini,0.7
1,exp3,T51,adversarial_framing,gemini-pro,gemini-2.5-flash,wlm_json,4,4,4,0.5117,False,3,4,3,0.4265,False,1.0,0.0,1.0,0.667,False,2480,3631,14.309,gemini,0.7
1,exp3,T52,adversarial_framing,gemini-pro,gemini-2.5-flash,wlm_json,4,5,5,0.6285,False,5,5,5,0.6734,False,1.0,0.0,0.0,0.333,False,1677,2827,11.374,gemini,0.7
